<?xml version="1.0"?>
<link_info>
   <banner>MSP430 Linker PC v4.1.5</banner>
   <copyright>Copyright (c) 2003-2013 Texas Instruments Incorporated</copyright>
   <link_time>0x566cad35</link_time>
   <output_file>cjn_Lab10_c1.out</output_file>
   <entry_point>
      <name>_c_int00</name>
      <address>0xc438</address>
   </entry_point>
   <input_file_list>
      <input_file id="fl-2">
         <path>.\</path>
         <kind>object</kind>
         <file>cjn_Lab10_c1.obj</file>
         <name>cjn_Lab10_c1.obj</name>
      </input_file>
      <input_file id="fl-1c">
         <path>C:\ti\ccsv5\tools\compiler\msp430_4.1.5\lib\</path>
         <kind>archive</kind>
         <file>rts430_eabi.lib</file>
         <name>boot.obj</name>
      </input_file>
      <input_file id="fl-1d">
         <path>C:\ti\ccsv5\tools\compiler\msp430_4.1.5\lib\</path>
         <kind>archive</kind>
         <file>rts430_eabi.lib</file>
         <name>copy_decompress_none.obj</name>
      </input_file>
      <input_file id="fl-1e">
         <path>C:\ti\ccsv5\tools\compiler\msp430_4.1.5\lib\</path>
         <kind>archive</kind>
         <file>rts430_eabi.lib</file>
         <name>copy_decompress_rle.obj</name>
      </input_file>
      <input_file id="fl-1f">
         <path>C:\ti\ccsv5\tools\compiler\msp430_4.1.5\lib\</path>
         <kind>archive</kind>
         <file>rts430_eabi.lib</file>
         <name>copy_zero_init.obj</name>
      </input_file>
      <input_file id="fl-20">
         <path>C:\ti\ccsv5\tools\compiler\msp430_4.1.5\lib\</path>
         <kind>archive</kind>
         <file>rts430_eabi.lib</file>
         <name>epilog.obj</name>
      </input_file>
      <input_file id="fl-21">
         <path>C:\ti\ccsv5\tools\compiler\msp430_4.1.5\lib\</path>
         <kind>archive</kind>
         <file>rts430_eabi.lib</file>
         <name>exit.obj</name>
      </input_file>
      <input_file id="fl-22">
         <path>C:\ti\ccsv5\tools\compiler\msp430_4.1.5\lib\</path>
         <kind>archive</kind>
         <file>rts430_eabi.lib</file>
         <name>lsl16.obj</name>
      </input_file>
      <input_file id="fl-23">
         <path>C:\ti\ccsv5\tools\compiler\msp430_4.1.5\lib\</path>
         <kind>archive</kind>
         <file>rts430_eabi.lib</file>
         <name>memcpy.obj</name>
      </input_file>
      <input_file id="fl-24">
         <path>C:\ti\ccsv5\tools\compiler\msp430_4.1.5\lib\</path>
         <kind>archive</kind>
         <file>rts430_eabi.lib</file>
         <name>mult16.obj</name>
      </input_file>
      <input_file id="fl-25">
         <path>C:\ti\ccsv5\tools\compiler\msp430_4.1.5\lib\</path>
         <kind>archive</kind>
         <file>rts430_eabi.lib</file>
         <name>pre_init.obj</name>
      </input_file>
      <input_file id="fl-26">
         <path>C:\ti\ccsv5\tools\compiler\msp430_4.1.5\lib\</path>
         <kind>archive</kind>
         <file>rts430_eabi.lib</file>
         <name>_lock.obj</name>
      </input_file>
      <input_file id="fl-27">
         <path>C:\ti\ccsv5\tools\compiler\msp430_4.1.5\lib\</path>
         <kind>archive</kind>
         <file>rts430_eabi.lib</file>
         <name>args_main.obj</name>
      </input_file>
      <input_file id="fl-28">
         <path>C:\ti\ccsv5\tools\compiler\msp430_4.1.5\lib\</path>
         <kind>archive</kind>
         <file>rts430_eabi.lib</file>
         <name>autoinit.obj</name>
      </input_file>
   </input_file_list>
   <object_component_list>
      <object_component id="oc-51">
         <name>.stack</name>
         <uninitialized>true</uninitialized>
         <run_address>0x3b0</run_address>
         <size>0x2</size>
         <input_file_ref idref="fl-1c"/>
      </object_component>
      <object_component id="oc-13e">
         <name>.stack</name>
         <uninitialized>true</uninitialized>
         <run_address>0x3b0</run_address>
         <size>0x0</size>
      </object_component>
      <object_component id="oc-e5">
         <name>.text:Blink</name>
         <load_address>0xc000</load_address>
         <run_address>0xc000</run_address>
         <size>0x112</size>
         <input_file_ref idref="fl-2"/>
      </object_component>
      <object_component id="oc-b5">
         <name>.text:Display</name>
         <load_address>0xc112</load_address>
         <run_address>0xc112</run_address>
         <size>0x7a</size>
         <input_file_ref idref="fl-2"/>
      </object_component>
      <object_component id="oc-b0">
         <name>.text:Capture</name>
         <load_address>0xc18c</load_address>
         <run_address>0xc18c</run_address>
         <size>0x74</size>
         <input_file_ref idref="fl-2"/>
      </object_component>
      <object_component id="oc-57">
         <name>.text:_auto_init</name>
         <load_address>0xc200</load_address>
         <run_address>0xc200</run_address>
         <size>0x5e</size>
         <input_file_ref idref="fl-28"/>
      </object_component>
      <object_component id="oc-5b">
         <name>.text:main</name>
         <load_address>0xc25e</load_address>
         <run_address>0xc25e</run_address>
         <size>0x54</size>
         <input_file_ref idref="fl-2"/>
      </object_component>
      <object_component id="oc-9c">
         <name>.text:SetBaselines</name>
         <load_address>0xc2b2</load_address>
         <run_address>0xc2b2</run_address>
         <size>0x4c</size>
         <input_file_ref idref="fl-2"/>
      </object_component>
      <object_component id="oc-d7">
         <name>.text:MeasureSensor</name>
         <load_address>0xc2fe</load_address>
         <run_address>0xc2fe</run_address>
         <size>0x3c</size>
         <input_file_ref idref="fl-2"/>
      </object_component>
      <object_component id="oc-f8">
         <name>.text:SWtimer</name>
         <load_address>0xc33a</load_address>
         <run_address>0xc33a</run_address>
         <size>0x3a</size>
         <input_file_ref idref="fl-2"/>
      </object_component>
      <object_component id="oc-ab">
         <name>.text:WaitForLeftRight</name>
         <load_address>0xc374</load_address>
         <run_address>0xc374</run_address>
         <size>0x36</size>
         <input_file_ref idref="fl-2"/>
      </object_component>
      <object_component id="oc-a6">
         <name>.text:WaitForUpDown</name>
         <load_address>0xc3aa</load_address>
         <run_address>0xc3aa</run_address>
         <size>0x2e</size>
         <input_file_ref idref="fl-2"/>
      </object_component>
      <object_component id="oc-e0">
         <name>.text</name>
         <load_address>0xc3d8</load_address>
         <run_address>0xc3d8</run_address>
         <size>0x2c</size>
         <input_file_ref idref="fl-22"/>
      </object_component>
      <object_component id="oc-a1">
         <name>.text:CheckCenter</name>
         <load_address>0xc404</load_address>
         <run_address>0xc404</run_address>
         <size>0x1a</size>
         <input_file_ref idref="fl-2"/>
      </object_component>
      <object_component id="oc-97">
         <name>.text:PrepPins</name>
         <load_address>0xc41e</load_address>
         <run_address>0xc41e</run_address>
         <size>0x1a</size>
         <input_file_ref idref="fl-2"/>
      </object_component>
      <object_component id="oc-2e">
         <name>.text:_c_int00_noexit</name>
         <load_address>0xc438</load_address>
         <run_address>0xc438</run_address>
         <size>0x1a</size>
         <input_file_ref idref="fl-1c"/>
      </object_component>
      <object_component id="oc-37">
         <name>.text:decompress:ZI:__TI_zero_init</name>
         <load_address>0xc452</load_address>
         <run_address>0xc452</run_address>
         <size>0x14</size>
         <input_file_ref idref="fl-1f"/>
      </object_component>
      <object_component id="oc-ff">
         <name>.text</name>
         <load_address>0xc466</load_address>
         <run_address>0xc466</run_address>
         <size>0x14</size>
         <input_file_ref idref="fl-24"/>
      </object_component>
      <object_component id="oc-92">
         <name>.text</name>
         <load_address>0xc47a</load_address>
         <run_address>0xc47a</run_address>
         <size>0x10</size>
         <input_file_ref idref="fl-20"/>
      </object_component>
      <object_component id="oc-45">
         <name>.text:TA_FFF0_ISR</name>
         <load_address>0xc48a</load_address>
         <run_address>0xc48a</run_address>
         <size>0xa</size>
         <input_file_ref idref="fl-2"/>
      </object_component>
      <object_component id="oc-3f">
         <name>.text:TA_FFF2_ISR</name>
         <load_address>0xc494</load_address>
         <run_address>0xc494</run_address>
         <size>0xa</size>
         <input_file_ref idref="fl-2"/>
      </object_component>
      <object_component id="oc-4b">
         <name>.text:ADC10_ISR</name>
         <load_address>0xc49e</load_address>
         <run_address>0xc49e</run_address>
         <size>0x6</size>
         <input_file_ref idref="fl-2"/>
      </object_component>
      <object_component id="oc-53">
         <name>.text:_system_pre_init</name>
         <load_address>0xc4a4</load_address>
         <run_address>0xc4a4</run_address>
         <size>0x4</size>
         <input_file_ref idref="fl-25"/>
      </object_component>
      <object_component id="oc-60">
         <name>.text:abort</name>
         <load_address>0xc4a8</load_address>
         <run_address>0xc4a8</run_address>
         <size>0x4</size>
         <input_file_ref idref="fl-21"/>
      </object_component>
      <object_component id="oc-13d">
         <name>.cinit..bss.load</name>
         <load_address>0xc4ac</load_address>
         <run_address>0xc4ac</run_address>
         <size>0x4</size>
      </object_component>
      <object_component id="oc-13b">
         <name>__TI_handler_table</name>
         <load_address>0xc4b0</load_address>
         <run_address>0xc4b0</run_address>
         <size>0x2</size>
      </object_component>
      <object_component id="oc-13c">
         <name>__TI_cinit_table</name>
         <load_address>0xc4b2</load_address>
         <run_address>0xc4b2</run_address>
         <size>0x4</size>
      </object_component>
      <object_component id="oc-4c">
         <name>.int05</name>
         <load_address>0xffea</load_address>
         <run_address>0xffea</run_address>
         <size>0x2</size>
         <input_file_ref idref="fl-2"/>
      </object_component>
      <object_component id="oc-46">
         <name>.int08</name>
         <load_address>0xfff0</load_address>
         <run_address>0xfff0</run_address>
         <size>0x2</size>
         <input_file_ref idref="fl-2"/>
      </object_component>
      <object_component id="oc-40">
         <name>.int09</name>
         <load_address>0xfff2</load_address>
         <run_address>0xfff2</run_address>
         <size>0x2</size>
         <input_file_ref idref="fl-2"/>
      </object_component>
      <object_component id="oc-2f">
         <name>.reset</name>
         <load_address>0xfffe</load_address>
         <run_address>0xfffe</run_address>
         <size>0x2</size>
         <input_file_ref idref="fl-1c"/>
      </object_component>
      <object_component id="oc-80">
         <name>.bss</name>
         <uninitialized>true</uninitialized>
         <run_address>0x200</run_address>
         <size>0x41</size>
         <input_file_ref idref="fl-2"/>
      </object_component>
      <object_component id="oc-30">
         <name>.debug_info</name>
         <load_address>0x0</load_address>
         <run_address>0x0</run_address>
         <size>0x129</size>
         <input_file_ref idref="fl-1c"/>
      </object_component>
      <object_component id="oc-38">
         <name>.debug_info</name>
         <load_address>0x129</load_address>
         <run_address>0x129</run_address>
         <size>0x193</size>
         <input_file_ref idref="fl-1f"/>
      </object_component>
      <object_component id="oc-41">
         <name>.debug_info</name>
         <load_address>0x2bc</load_address>
         <run_address>0x2bc</run_address>
         <size>0x114</size>
         <input_file_ref idref="fl-2"/>
      </object_component>
      <object_component id="oc-47">
         <name>.debug_info</name>
         <load_address>0x3d0</load_address>
         <run_address>0x3d0</run_address>
         <size>0x116</size>
         <input_file_ref idref="fl-2"/>
      </object_component>
      <object_component id="oc-4d">
         <name>.debug_info</name>
         <load_address>0x4e6</load_address>
         <run_address>0x4e6</run_address>
         <size>0x112</size>
         <input_file_ref idref="fl-2"/>
      </object_component>
      <object_component id="oc-52">
         <name>.debug_info</name>
         <load_address>0x5f8</load_address>
         <run_address>0x5f8</run_address>
         <size>0xaa</size>
         <input_file_ref idref="fl-1c"/>
      </object_component>
      <object_component id="oc-54">
         <name>.debug_info</name>
         <load_address>0x6a2</load_address>
         <run_address>0x6a2</run_address>
         <size>0x101</size>
         <input_file_ref idref="fl-25"/>
      </object_component>
      <object_component id="oc-58">
         <name>.debug_info</name>
         <load_address>0x7a3</load_address>
         <run_address>0x7a3</run_address>
         <size>0x1aa</size>
         <input_file_ref idref="fl-28"/>
      </object_component>
      <object_component id="oc-5c">
         <name>.debug_info</name>
         <load_address>0x94d</load_address>
         <run_address>0x94d</run_address>
         <size>0x2c7</size>
         <input_file_ref idref="fl-2"/>
      </object_component>
      <object_component id="oc-61">
         <name>.debug_info</name>
         <load_address>0xc14</load_address>
         <run_address>0xc14</run_address>
         <size>0x121</size>
         <input_file_ref idref="fl-21"/>
      </object_component>
      <object_component id="oc-70">
         <name>.debug_info</name>
         <load_address>0xd35</load_address>
         <run_address>0xd35</run_address>
         <size>0x46</size>
         <input_file_ref idref="fl-1f"/>
      </object_component>
      <object_component id="oc-81">
         <name>.debug_info</name>
         <load_address>0xd7b</load_address>
         <run_address>0xd7b</run_address>
         <size>0x18a</size>
         <input_file_ref idref="fl-2"/>
      </object_component>
      <object_component id="oc-87">
         <name>.debug_info</name>
         <load_address>0xf05</load_address>
         <run_address>0xf05</run_address>
         <size>0x89</size>
         <input_file_ref idref="fl-1c"/>
      </object_component>
      <object_component id="oc-8d">
         <name>.debug_info</name>
         <load_address>0xf8e</load_address>
         <run_address>0xf8e</run_address>
         <size>0x84</size>
         <input_file_ref idref="fl-1e"/>
      </object_component>
      <object_component id="oc-93">
         <name>.debug_info</name>
         <load_address>0x1012</load_address>
         <run_address>0x1012</run_address>
         <size>0xe2</size>
         <input_file_ref idref="fl-20"/>
      </object_component>
      <object_component id="oc-98">
         <name>.debug_info</name>
         <load_address>0x10f4</load_address>
         <run_address>0x10f4</run_address>
         <size>0x10c</size>
         <input_file_ref idref="fl-2"/>
      </object_component>
      <object_component id="oc-9d">
         <name>.debug_info</name>
         <load_address>0x1200</load_address>
         <run_address>0x1200</run_address>
         <size>0x178</size>
         <input_file_ref idref="fl-2"/>
      </object_component>
      <object_component id="oc-a2">
         <name>.debug_info</name>
         <load_address>0x1378</load_address>
         <run_address>0x1378</run_address>
         <size>0x12a</size>
         <input_file_ref idref="fl-2"/>
      </object_component>
      <object_component id="oc-a7">
         <name>.debug_info</name>
         <load_address>0x14a2</load_address>
         <run_address>0x14a2</run_address>
         <size>0x1b9</size>
         <input_file_ref idref="fl-2"/>
      </object_component>
      <object_component id="oc-ac">
         <name>.debug_info</name>
         <load_address>0x165b</load_address>
         <run_address>0x165b</run_address>
         <size>0x1f9</size>
         <input_file_ref idref="fl-2"/>
      </object_component>
      <object_component id="oc-b1">
         <name>.debug_info</name>
         <load_address>0x1854</load_address>
         <run_address>0x1854</run_address>
         <size>0x249</size>
         <input_file_ref idref="fl-2"/>
      </object_component>
      <object_component id="oc-b6">
         <name>.debug_info</name>
         <load_address>0x1a9d</load_address>
         <run_address>0x1a9d</run_address>
         <size>0x293</size>
         <input_file_ref idref="fl-2"/>
      </object_component>
      <object_component id="oc-bb">
         <name>.debug_info</name>
         <load_address>0x1d30</load_address>
         <run_address>0x1d30</run_address>
         <size>0x8b</size>
         <input_file_ref idref="fl-2"/>
      </object_component>
      <object_component id="oc-c3">
         <name>.debug_info</name>
         <load_address>0x1dbb</load_address>
         <run_address>0x1dbb</run_address>
         <size>0x2c</size>
         <input_file_ref idref="fl-1e"/>
      </object_component>
      <object_component id="oc-ce">
         <name>.debug_info</name>
         <load_address>0x1de7</load_address>
         <run_address>0x1de7</run_address>
         <size>0x11a</size>
         <input_file_ref idref="fl-1f"/>
      </object_component>
      <object_component id="oc-d4">
         <name>.debug_info</name>
         <load_address>0x1f01</load_address>
         <run_address>0x1f01</run_address>
         <size>0x2fa</size>
         <input_file_ref idref="fl-2"/>
      </object_component>
      <object_component id="oc-d8">
         <name>.debug_info</name>
         <load_address>0x21fb</load_address>
         <run_address>0x21fb</run_address>
         <size>0x164</size>
         <input_file_ref idref="fl-2"/>
      </object_component>
      <object_component id="oc-e1">
         <name>.debug_info</name>
         <load_address>0x235f</load_address>
         <run_address>0x235f</run_address>
         <size>0xd4</size>
         <input_file_ref idref="fl-22"/>
      </object_component>
      <object_component id="oc-e6">
         <name>.debug_info</name>
         <load_address>0x2433</load_address>
         <run_address>0x2433</run_address>
         <size>0x372</size>
         <input_file_ref idref="fl-2"/>
      </object_component>
      <object_component id="oc-f9">
         <name>.debug_info</name>
         <load_address>0x27a5</load_address>
         <run_address>0x27a5</run_address>
         <size>0x259</size>
         <input_file_ref idref="fl-2"/>
      </object_component>
      <object_component id="oc-100">
         <name>.debug_info</name>
         <load_address>0x29fe</load_address>
         <run_address>0x29fe</run_address>
         <size>0xd5</size>
         <input_file_ref idref="fl-24"/>
      </object_component>
      <object_component id="oc-13f">
         <name>.debug_info</name>
         <load_address>0x2ad3</load_address>
         <run_address>0x2ad3</run_address>
         <size>0xa0</size>
      </object_component>
      <object_component id="oc-31">
         <name>.debug_line</name>
         <load_address>0x0</load_address>
         <run_address>0x0</run_address>
         <size>0x3b</size>
         <input_file_ref idref="fl-1c"/>
      </object_component>
      <object_component id="oc-39">
         <name>.debug_line</name>
         <load_address>0x3b</load_address>
         <run_address>0x3b</run_address>
         <size>0x4a</size>
         <input_file_ref idref="fl-1f"/>
      </object_component>
      <object_component id="oc-42">
         <name>.debug_line</name>
         <load_address>0x85</load_address>
         <run_address>0x85</run_address>
         <size>0x4c</size>
         <input_file_ref idref="fl-2"/>
      </object_component>
      <object_component id="oc-48">
         <name>.debug_line</name>
         <load_address>0xd1</load_address>
         <run_address>0xd1</run_address>
         <size>0x4c</size>
         <input_file_ref idref="fl-2"/>
      </object_component>
      <object_component id="oc-4e">
         <name>.debug_line</name>
         <load_address>0x11d</load_address>
         <run_address>0x11d</run_address>
         <size>0x4b</size>
         <input_file_ref idref="fl-2"/>
      </object_component>
      <object_component id="oc-55">
         <name>.debug_line</name>
         <load_address>0x168</load_address>
         <run_address>0x168</run_address>
         <size>0x3c</size>
         <input_file_ref idref="fl-25"/>
      </object_component>
      <object_component id="oc-59">
         <name>.debug_line</name>
         <load_address>0x1a4</load_address>
         <run_address>0x1a4</run_address>
         <size>0x4e</size>
         <input_file_ref idref="fl-28"/>
      </object_component>
      <object_component id="oc-5d">
         <name>.debug_line</name>
         <load_address>0x1f2</load_address>
         <run_address>0x1f2</run_address>
         <size>0x60</size>
         <input_file_ref idref="fl-2"/>
      </object_component>
      <object_component id="oc-62">
         <name>.debug_line</name>
         <load_address>0x252</load_address>
         <run_address>0x252</run_address>
         <size>0x38</size>
         <input_file_ref idref="fl-21"/>
      </object_component>
      <object_component id="oc-72">
         <name>.debug_line</name>
         <load_address>0x28a</load_address>
         <run_address>0x28a</run_address>
         <size>0x34</size>
         <input_file_ref idref="fl-1f"/>
      </object_component>
      <object_component id="oc-86">
         <name>.debug_line</name>
         <load_address>0x2be</load_address>
         <run_address>0x2be</run_address>
         <size>0x2a</size>
         <input_file_ref idref="fl-1c"/>
      </object_component>
      <object_component id="oc-89">
         <name>.debug_line</name>
         <load_address>0x2e8</load_address>
         <run_address>0x2e8</run_address>
         <size>0x20</size>
         <input_file_ref idref="fl-1c"/>
      </object_component>
      <object_component id="oc-8f">
         <name>.debug_line</name>
         <load_address>0x308</load_address>
         <run_address>0x308</run_address>
         <size>0x20</size>
         <input_file_ref idref="fl-1e"/>
      </object_component>
      <object_component id="oc-94">
         <name>.debug_line</name>
         <load_address>0x328</load_address>
         <run_address>0x328</run_address>
         <size>0x40</size>
         <input_file_ref idref="fl-20"/>
      </object_component>
      <object_component id="oc-99">
         <name>.debug_line</name>
         <load_address>0x368</load_address>
         <run_address>0x368</run_address>
         <size>0x4e</size>
         <input_file_ref idref="fl-2"/>
      </object_component>
      <object_component id="oc-9e">
         <name>.debug_line</name>
         <load_address>0x3b6</load_address>
         <run_address>0x3b6</run_address>
         <size>0x4f</size>
         <input_file_ref idref="fl-2"/>
      </object_component>
      <object_component id="oc-a3">
         <name>.debug_line</name>
         <load_address>0x405</load_address>
         <run_address>0x405</run_address>
         <size>0x4e</size>
         <input_file_ref idref="fl-2"/>
      </object_component>
      <object_component id="oc-a8">
         <name>.debug_line</name>
         <load_address>0x453</load_address>
         <run_address>0x453</run_address>
         <size>0x56</size>
         <input_file_ref idref="fl-2"/>
      </object_component>
      <object_component id="oc-ad">
         <name>.debug_line</name>
         <load_address>0x4a9</load_address>
         <run_address>0x4a9</run_address>
         <size>0x59</size>
         <input_file_ref idref="fl-2"/>
      </object_component>
      <object_component id="oc-b2">
         <name>.debug_line</name>
         <load_address>0x502</load_address>
         <run_address>0x502</run_address>
         <size>0x6e</size>
         <input_file_ref idref="fl-2"/>
      </object_component>
      <object_component id="oc-b7">
         <name>.debug_line</name>
         <load_address>0x570</load_address>
         <run_address>0x570</run_address>
         <size>0x7b</size>
         <input_file_ref idref="fl-2"/>
      </object_component>
      <object_component id="oc-bd">
         <name>.debug_line</name>
         <load_address>0x5eb</load_address>
         <run_address>0x5eb</run_address>
         <size>0x20</size>
         <input_file_ref idref="fl-2"/>
      </object_component>
      <object_component id="oc-c5">
         <name>.debug_line</name>
         <load_address>0x60b</load_address>
         <run_address>0x60b</run_address>
         <size>0x44</size>
         <input_file_ref idref="fl-1e"/>
      </object_component>
      <object_component id="oc-d3">
         <name>.debug_line</name>
         <load_address>0x64f</load_address>
         <run_address>0x64f</run_address>
         <size>0x35</size>
         <input_file_ref idref="fl-2"/>
      </object_component>
      <object_component id="oc-d9">
         <name>.debug_line</name>
         <load_address>0x684</load_address>
         <run_address>0x684</run_address>
         <size>0x54</size>
         <input_file_ref idref="fl-2"/>
      </object_component>
      <object_component id="oc-e2">
         <name>.debug_line</name>
         <load_address>0x6d8</load_address>
         <run_address>0x6d8</run_address>
         <size>0x4e</size>
         <input_file_ref idref="fl-22"/>
      </object_component>
      <object_component id="oc-e7">
         <name>.debug_line</name>
         <load_address>0x726</load_address>
         <run_address>0x726</run_address>
         <size>0x70</size>
         <input_file_ref idref="fl-2"/>
      </object_component>
      <object_component id="oc-f5">
         <name>.debug_line</name>
         <load_address>0x796</load_address>
         <run_address>0x796</run_address>
         <size>0x20</size>
         <input_file_ref idref="fl-1f"/>
      </object_component>
      <object_component id="oc-f7">
         <name>.debug_line</name>
         <load_address>0x7b6</load_address>
         <run_address>0x7b6</run_address>
         <size>0x84</size>
         <input_file_ref idref="fl-2"/>
      </object_component>
      <object_component id="oc-fa">
         <name>.debug_line</name>
         <load_address>0x83a</load_address>
         <run_address>0x83a</run_address>
         <size>0x60</size>
         <input_file_ref idref="fl-2"/>
      </object_component>
      <object_component id="oc-101">
         <name>.debug_line</name>
         <load_address>0x89a</load_address>
         <run_address>0x89a</run_address>
         <size>0x42</size>
         <input_file_ref idref="fl-24"/>
      </object_component>
      <object_component id="oc-32">
         <name>.debug_aranges</name>
         <load_address>0x0</load_address>
         <run_address>0x0</run_address>
         <size>0x20</size>
         <input_file_ref idref="fl-1c"/>
      </object_component>
      <object_component id="oc-3a">
         <name>.debug_aranges</name>
         <load_address>0x20</load_address>
         <run_address>0x20</run_address>
         <size>0x20</size>
         <input_file_ref idref="fl-1f"/>
      </object_component>
      <object_component id="oc-44">
         <name>.debug_aranges</name>
         <load_address>0x40</load_address>
         <run_address>0x40</run_address>
         <size>0x20</size>
         <input_file_ref idref="fl-2"/>
      </object_component>
      <object_component id="oc-4a">
         <name>.debug_aranges</name>
         <load_address>0x60</load_address>
         <run_address>0x60</run_address>
         <size>0x20</size>
         <input_file_ref idref="fl-2"/>
      </object_component>
      <object_component id="oc-50">
         <name>.debug_aranges</name>
         <load_address>0x80</load_address>
         <run_address>0x80</run_address>
         <size>0x20</size>
         <input_file_ref idref="fl-2"/>
      </object_component>
      <object_component id="oc-56">
         <name>.debug_aranges</name>
         <load_address>0xa0</load_address>
         <run_address>0xa0</run_address>
         <size>0x20</size>
         <input_file_ref idref="fl-25"/>
      </object_component>
      <object_component id="oc-5a">
         <name>.debug_aranges</name>
         <load_address>0xc0</load_address>
         <run_address>0xc0</run_address>
         <size>0x20</size>
         <input_file_ref idref="fl-28"/>
      </object_component>
      <object_component id="oc-5f">
         <name>.debug_aranges</name>
         <load_address>0xe0</load_address>
         <run_address>0xe0</run_address>
         <size>0x20</size>
         <input_file_ref idref="fl-2"/>
      </object_component>
      <object_component id="oc-63">
         <name>.debug_aranges</name>
         <load_address>0x100</load_address>
         <run_address>0x100</run_address>
         <size>0x20</size>
         <input_file_ref idref="fl-21"/>
      </object_component>
      <object_component id="oc-95">
         <name>.debug_aranges</name>
         <load_address>0x120</load_address>
         <run_address>0x120</run_address>
         <size>0x20</size>
         <input_file_ref idref="fl-20"/>
      </object_component>
      <object_component id="oc-9b">
         <name>.debug_aranges</name>
         <load_address>0x140</load_address>
         <run_address>0x140</run_address>
         <size>0x20</size>
         <input_file_ref idref="fl-2"/>
      </object_component>
      <object_component id="oc-a0">
         <name>.debug_aranges</name>
         <load_address>0x160</load_address>
         <run_address>0x160</run_address>
         <size>0x20</size>
         <input_file_ref idref="fl-2"/>
      </object_component>
      <object_component id="oc-a5">
         <name>.debug_aranges</name>
         <load_address>0x180</load_address>
         <run_address>0x180</run_address>
         <size>0x20</size>
         <input_file_ref idref="fl-2"/>
      </object_component>
      <object_component id="oc-aa">
         <name>.debug_aranges</name>
         <load_address>0x1a0</load_address>
         <run_address>0x1a0</run_address>
         <size>0x20</size>
         <input_file_ref idref="fl-2"/>
      </object_component>
      <object_component id="oc-af">
         <name>.debug_aranges</name>
         <load_address>0x1c0</load_address>
         <run_address>0x1c0</run_address>
         <size>0x20</size>
         <input_file_ref idref="fl-2"/>
      </object_component>
      <object_component id="oc-b4">
         <name>.debug_aranges</name>
         <load_address>0x1e0</load_address>
         <run_address>0x1e0</run_address>
         <size>0x20</size>
         <input_file_ref idref="fl-2"/>
      </object_component>
      <object_component id="oc-b9">
         <name>.debug_aranges</name>
         <load_address>0x200</load_address>
         <run_address>0x200</run_address>
         <size>0x20</size>
         <input_file_ref idref="fl-2"/>
      </object_component>
      <object_component id="oc-db">
         <name>.debug_aranges</name>
         <load_address>0x220</load_address>
         <run_address>0x220</run_address>
         <size>0x20</size>
         <input_file_ref idref="fl-2"/>
      </object_component>
      <object_component id="oc-e3">
         <name>.debug_aranges</name>
         <load_address>0x240</load_address>
         <run_address>0x240</run_address>
         <size>0x20</size>
         <input_file_ref idref="fl-22"/>
      </object_component>
      <object_component id="oc-e9">
         <name>.debug_aranges</name>
         <load_address>0x260</load_address>
         <run_address>0x260</run_address>
         <size>0x20</size>
         <input_file_ref idref="fl-2"/>
      </object_component>
      <object_component id="oc-fc">
         <name>.debug_aranges</name>
         <load_address>0x280</load_address>
         <run_address>0x280</run_address>
         <size>0x20</size>
         <input_file_ref idref="fl-2"/>
      </object_component>
      <object_component id="oc-102">
         <name>.debug_aranges</name>
         <load_address>0x2a0</load_address>
         <run_address>0x2a0</run_address>
         <size>0x20</size>
         <input_file_ref idref="fl-24"/>
      </object_component>
      <object_component id="oc-43">
         <name>.debug_frame</name>
         <load_address>0x0</load_address>
         <run_address>0x0</run_address>
         <size>0x47</size>
         <input_file_ref idref="fl-2"/>
      </object_component>
      <object_component id="oc-49">
         <name>.debug_frame</name>
         <load_address>0x47</load_address>
         <run_address>0x47</run_address>
         <size>0x47</size>
         <input_file_ref idref="fl-2"/>
      </object_component>
      <object_component id="oc-4f">
         <name>.debug_frame</name>
         <load_address>0x8e</load_address>
         <run_address>0x8e</run_address>
         <size>0x47</size>
         <input_file_ref idref="fl-2"/>
      </object_component>
      <object_component id="oc-5e">
         <name>.debug_frame</name>
         <load_address>0xd5</load_address>
         <run_address>0xd5</run_address>
         <size>0x47</size>
         <input_file_ref idref="fl-2"/>
      </object_component>
      <object_component id="oc-9a">
         <name>.debug_frame</name>
         <load_address>0x11c</load_address>
         <run_address>0x11c</run_address>
         <size>0x47</size>
         <input_file_ref idref="fl-2"/>
      </object_component>
      <object_component id="oc-9f">
         <name>.debug_frame</name>
         <load_address>0x163</load_address>
         <run_address>0x163</run_address>
         <size>0x47</size>
         <input_file_ref idref="fl-2"/>
      </object_component>
      <object_component id="oc-a4">
         <name>.debug_frame</name>
         <load_address>0x1aa</load_address>
         <run_address>0x1aa</run_address>
         <size>0x47</size>
         <input_file_ref idref="fl-2"/>
      </object_component>
      <object_component id="oc-a9">
         <name>.debug_frame</name>
         <load_address>0x1f1</load_address>
         <run_address>0x1f1</run_address>
         <size>0x47</size>
         <input_file_ref idref="fl-2"/>
      </object_component>
      <object_component id="oc-ae">
         <name>.debug_frame</name>
         <load_address>0x238</load_address>
         <run_address>0x238</run_address>
         <size>0x4d</size>
         <input_file_ref idref="fl-2"/>
      </object_component>
      <object_component id="oc-b3">
         <name>.debug_frame</name>
         <load_address>0x285</load_address>
         <run_address>0x285</run_address>
         <size>0x4d</size>
         <input_file_ref idref="fl-2"/>
      </object_component>
      <object_component id="oc-b8">
         <name>.debug_frame</name>
         <load_address>0x2d2</load_address>
         <run_address>0x2d2</run_address>
         <size>0x4d</size>
         <input_file_ref idref="fl-2"/>
      </object_component>
      <object_component id="oc-da">
         <name>.debug_frame</name>
         <load_address>0x31f</load_address>
         <run_address>0x31f</run_address>
         <size>0x4d</size>
         <input_file_ref idref="fl-2"/>
      </object_component>
      <object_component id="oc-e8">
         <name>.debug_frame</name>
         <load_address>0x36c</load_address>
         <run_address>0x36c</run_address>
         <size>0x4e</size>
         <input_file_ref idref="fl-2"/>
      </object_component>
      <object_component id="oc-fb">
         <name>.debug_frame</name>
         <load_address>0x3ba</load_address>
         <run_address>0x3ba</run_address>
         <size>0x4d</size>
         <input_file_ref idref="fl-2"/>
      </object_component>
      <object_component id="oc-64">
         <name>.debug_abbrev</name>
         <load_address>0x0</load_address>
         <run_address>0x0</run_address>
         <size>0x5d</size>
         <input_file_ref idref="fl-1c"/>
      </object_component>
      <object_component id="oc-6f">
         <name>.debug_abbrev</name>
         <load_address>0x5d</load_address>
         <run_address>0x5d</run_address>
         <size>0x85</size>
         <input_file_ref idref="fl-1f"/>
      </object_component>
      <object_component id="oc-71">
         <name>.debug_abbrev</name>
         <load_address>0xe2</load_address>
         <run_address>0xe2</run_address>
         <size>0x24</size>
         <input_file_ref idref="fl-1f"/>
      </object_component>
      <object_component id="oc-82">
         <name>.debug_abbrev</name>
         <load_address>0x106</load_address>
         <run_address>0x106</run_address>
         <size>0x53</size>
         <input_file_ref idref="fl-2"/>
      </object_component>
      <object_component id="oc-83">
         <name>.debug_abbrev</name>
         <load_address>0x159</load_address>
         <run_address>0x159</run_address>
         <size>0x53</size>
         <input_file_ref idref="fl-2"/>
      </object_component>
      <object_component id="oc-84">
         <name>.debug_abbrev</name>
         <load_address>0x1ac</load_address>
         <run_address>0x1ac</run_address>
         <size>0x53</size>
         <input_file_ref idref="fl-2"/>
      </object_component>
      <object_component id="oc-85">
         <name>.debug_abbrev</name>
         <load_address>0x1ff</load_address>
         <run_address>0x1ff</run_address>
         <size>0x29</size>
         <input_file_ref idref="fl-1c"/>
      </object_component>
      <object_component id="oc-88">
         <name>.debug_abbrev</name>
         <load_address>0x228</load_address>
         <run_address>0x228</run_address>
         <size>0x23</size>
         <input_file_ref idref="fl-1c"/>
      </object_component>
      <object_component id="oc-8c">
         <name>.debug_abbrev</name>
         <load_address>0x24b</load_address>
         <run_address>0x24b</run_address>
         <size>0x5a</size>
         <input_file_ref idref="fl-25"/>
      </object_component>
      <object_component id="oc-8e">
         <name>.debug_abbrev</name>
         <load_address>0x2a5</load_address>
         <run_address>0x2a5</run_address>
         <size>0x1c</size>
         <input_file_ref idref="fl-1e"/>
      </object_component>
      <object_component id="oc-96">
         <name>.debug_abbrev</name>
         <load_address>0x2c1</load_address>
         <run_address>0x2c1</run_address>
         <size>0x7a</size>
         <input_file_ref idref="fl-28"/>
      </object_component>
      <object_component id="oc-ba">
         <name>.debug_abbrev</name>
         <load_address>0x33b</load_address>
         <run_address>0x33b</run_address>
         <size>0x73</size>
         <input_file_ref idref="fl-2"/>
      </object_component>
      <object_component id="oc-bc">
         <name>.debug_abbrev</name>
         <load_address>0x3ae</load_address>
         <run_address>0x3ae</run_address>
         <size>0x1c</size>
         <input_file_ref idref="fl-2"/>
      </object_component>
      <object_component id="oc-c0">
         <name>.debug_abbrev</name>
         <load_address>0x3ca</load_address>
         <run_address>0x3ca</run_address>
         <size>0x6b</size>
         <input_file_ref idref="fl-21"/>
      </object_component>
      <object_component id="oc-c4">
         <name>.debug_abbrev</name>
         <load_address>0x435</load_address>
         <run_address>0x435</run_address>
         <size>0x24</size>
         <input_file_ref idref="fl-1e"/>
      </object_component>
      <object_component id="oc-d2">
         <name>.debug_abbrev</name>
         <load_address>0x459</load_address>
         <run_address>0x459</run_address>
         <size>0x29</size>
         <input_file_ref idref="fl-2"/>
      </object_component>
      <object_component id="oc-d5">
         <name>.debug_abbrev</name>
         <load_address>0x482</load_address>
         <run_address>0x482</run_address>
         <size>0x3c</size>
         <input_file_ref idref="fl-20"/>
      </object_component>
      <object_component id="oc-d6">
         <name>.debug_abbrev</name>
         <load_address>0x4be</load_address>
         <run_address>0x4be</run_address>
         <size>0x50</size>
         <input_file_ref idref="fl-2"/>
      </object_component>
      <object_component id="oc-dc">
         <name>.debug_abbrev</name>
         <load_address>0x50e</load_address>
         <run_address>0x50e</run_address>
         <size>0x5e</size>
         <input_file_ref idref="fl-2"/>
      </object_component>
      <object_component id="oc-dd">
         <name>.debug_abbrev</name>
         <load_address>0x56c</load_address>
         <run_address>0x56c</run_address>
         <size>0x60</size>
         <input_file_ref idref="fl-2"/>
      </object_component>
      <object_component id="oc-de">
         <name>.debug_abbrev</name>
         <load_address>0x5cc</load_address>
         <run_address>0x5cc</run_address>
         <size>0x7f</size>
         <input_file_ref idref="fl-2"/>
      </object_component>
      <object_component id="oc-df">
         <name>.debug_abbrev</name>
         <load_address>0x64b</load_address>
         <run_address>0x64b</run_address>
         <size>0x9b</size>
         <input_file_ref idref="fl-2"/>
      </object_component>
      <object_component id="oc-e4">
         <name>.debug_abbrev</name>
         <load_address>0x6e6</load_address>
         <run_address>0x6e6</run_address>
         <size>0x99</size>
         <input_file_ref idref="fl-2"/>
      </object_component>
      <object_component id="oc-ea">
         <name>.debug_abbrev</name>
         <load_address>0x77f</load_address>
         <run_address>0x77f</run_address>
         <size>0x9b</size>
         <input_file_ref idref="fl-2"/>
      </object_component>
      <object_component id="oc-f4">
         <name>.debug_abbrev</name>
         <load_address>0x81a</load_address>
         <run_address>0x81a</run_address>
         <size>0x37</size>
         <input_file_ref idref="fl-1f"/>
      </object_component>
      <object_component id="oc-f6">
         <name>.debug_abbrev</name>
         <load_address>0x851</load_address>
         <run_address>0x851</run_address>
         <size>0x79</size>
         <input_file_ref idref="fl-2"/>
      </object_component>
      <object_component id="oc-fd">
         <name>.debug_abbrev</name>
         <load_address>0x8ca</load_address>
         <run_address>0x8ca</run_address>
         <size>0x7c</size>
         <input_file_ref idref="fl-2"/>
      </object_component>
      <object_component id="oc-fe">
         <name>.debug_abbrev</name>
         <load_address>0x946</load_address>
         <run_address>0x946</run_address>
         <size>0x3e</size>
         <input_file_ref idref="fl-22"/>
      </object_component>
      <object_component id="oc-103">
         <name>.debug_abbrev</name>
         <load_address>0x984</load_address>
         <run_address>0x984</run_address>
         <size>0x99</size>
         <input_file_ref idref="fl-2"/>
      </object_component>
      <object_component id="oc-104">
         <name>.debug_abbrev</name>
         <load_address>0xa1d</load_address>
         <run_address>0xa1d</run_address>
         <size>0x8b</size>
         <input_file_ref idref="fl-2"/>
      </object_component>
      <object_component id="oc-105">
         <name>.debug_abbrev</name>
         <load_address>0xaa8</load_address>
         <run_address>0xaa8</run_address>
         <size>0x3e</size>
         <input_file_ref idref="fl-24"/>
      </object_component>
      <object_component id="oc-140">
         <name>.debug_abbrev</name>
         <load_address>0xae6</load_address>
         <run_address>0xae6</run_address>
         <size>0xf</size>
      </object_component>
      <object_component id="oc-73">
         <name>.debug_str</name>
         <load_address>0x0</load_address>
         <run_address>0x0</run_address>
         <size>0xad</size>
         <input_file_ref idref="fl-1f"/>
      </object_component>
      <object_component id="oc-8a">
         <name>.debug_str</name>
         <load_address>0xad</load_address>
         <run_address>0xad</run_address>
         <size>0x10f</size>
         <input_file_ref idref="fl-1c"/>
      </object_component>
      <object_component id="oc-90">
         <name>.debug_str</name>
         <load_address>0x1bc</load_address>
         <run_address>0x1bc</run_address>
         <size>0x10a</size>
         <input_file_ref idref="fl-1e"/>
      </object_component>
      <object_component id="oc-be">
         <name>.debug_str</name>
         <load_address>0x2c6</load_address>
         <run_address>0x2c6</run_address>
         <size>0x123</size>
         <input_file_ref idref="fl-2"/>
      </object_component>
      <object_component id="oc-c6">
         <name>.debug_str</name>
         <load_address>0x3e9</load_address>
         <run_address>0x3e9</run_address>
         <size>0x9c</size>
         <input_file_ref idref="fl-1e"/>
      </object_component>
      <object_component id="oc-74">
         <name>.debug_pubtypes</name>
         <load_address>0x0</load_address>
         <run_address>0x0</run_address>
         <size>0x46</size>
         <input_file_ref idref="fl-1f"/>
      </object_component>
      <object_component id="oc-8b">
         <name>.debug_pubtypes</name>
         <load_address>0x46</load_address>
         <run_address>0x46</run_address>
         <size>0xed</size>
         <input_file_ref idref="fl-1c"/>
      </object_component>
      <object_component id="oc-91">
         <name>.debug_pubtypes</name>
         <load_address>0x133</load_address>
         <run_address>0x133</run_address>
         <size>0xe4</size>
         <input_file_ref idref="fl-1e"/>
      </object_component>
      <object_component id="oc-bf">
         <name>.debug_pubtypes</name>
         <load_address>0x217</load_address>
         <run_address>0x217</run_address>
         <size>0xf6</size>
         <input_file_ref idref="fl-2"/>
      </object_component>
      <object_component id="oc-c7">
         <name>.debug_pubtypes</name>
         <load_address>0x30d</load_address>
         <run_address>0x30d</run_address>
         <size>0x1d</size>
         <input_file_ref idref="fl-1e"/>
      </object_component>
   </object_component_list>
   <logical_group_list>
      <logical_group id="lg-4">
         <name>.sysmem</name>
         <run_address>0x0</run_address>
         <size>0x0</size>
         <contents>
         </contents>
      </logical_group>
      <logical_group id="lg-5">
         <name>.stack</name>
         <run_address>0x3b0</run_address>
         <size>0x50</size>
         <contents>
            <object_component_ref idref="oc-51"/>
            <object_component_ref idref="oc-13e"/>
         </contents>
      </logical_group>
      <logical_group id="lg-6">
         <name>.text</name>
         <load_address>0xc000</load_address>
         <run_address>0xc000</run_address>
         <size>0x4ac</size>
         <contents>
            <object_component_ref idref="oc-e5"/>
            <object_component_ref idref="oc-b5"/>
            <object_component_ref idref="oc-b0"/>
            <object_component_ref idref="oc-57"/>
            <object_component_ref idref="oc-5b"/>
            <object_component_ref idref="oc-9c"/>
            <object_component_ref idref="oc-d7"/>
            <object_component_ref idref="oc-f8"/>
            <object_component_ref idref="oc-ab"/>
            <object_component_ref idref="oc-a6"/>
            <object_component_ref idref="oc-e0"/>
            <object_component_ref idref="oc-a1"/>
            <object_component_ref idref="oc-97"/>
            <object_component_ref idref="oc-2e"/>
            <object_component_ref idref="oc-37"/>
            <object_component_ref idref="oc-ff"/>
            <object_component_ref idref="oc-92"/>
            <object_component_ref idref="oc-45"/>
            <object_component_ref idref="oc-3f"/>
            <object_component_ref idref="oc-4b"/>
            <object_component_ref idref="oc-53"/>
            <object_component_ref idref="oc-60"/>
         </contents>
      </logical_group>
      <logical_group id="lg-7">
         <name>.cinit</name>
         <load_address>0xc4ac</load_address>
         <run_address>0xc4ac</run_address>
         <size>0xa</size>
         <contents>
            <object_component_ref idref="oc-13d"/>
            <object_component_ref idref="oc-13b"/>
            <object_component_ref idref="oc-13c"/>
         </contents>
      </logical_group>
      <logical_group id="lg-8">
         <name>.const</name>
         <run_address>0x0</run_address>
         <size>0x0</size>
         <contents>
         </contents>
      </logical_group>
      <logical_group id="lg-9">
         <name>.cio</name>
         <run_address>0x0</run_address>
         <size>0x0</size>
         <contents>
         </contents>
      </logical_group>
      <logical_group id="lg-a">
         <name>.pinit</name>
         <run_address>0x0</run_address>
         <size>0x0</size>
         <contents>
         </contents>
      </logical_group>
      <logical_group id="lg-b">
         <name>.init_array</name>
         <run_address>0x0</run_address>
         <size>0x0</size>
         <contents>
         </contents>
      </logical_group>
      <logical_group id="lg-c">
         <name>.mspabi.exidx</name>
         <run_address>0x0</run_address>
         <size>0x0</size>
         <contents>
         </contents>
      </logical_group>
      <logical_group id="lg-d">
         <name>.mspabi.extab</name>
         <run_address>0x0</run_address>
         <size>0x0</size>
         <contents>
         </contents>
      </logical_group>
      <logical_group id="lg-e">
         <name>.infoA</name>
         <run_address>0x0</run_address>
         <size>0x0</size>
         <contents>
         </contents>
      </logical_group>
      <logical_group id="lg-f">
         <name>.infoB</name>
         <run_address>0x0</run_address>
         <size>0x0</size>
         <contents>
         </contents>
      </logical_group>
      <logical_group id="lg-10">
         <name>.infoC</name>
         <run_address>0x0</run_address>
         <size>0x0</size>
         <contents>
         </contents>
      </logical_group>
      <logical_group id="lg-11">
         <name>.infoD</name>
         <run_address>0x0</run_address>
         <size>0x0</size>
         <contents>
         </contents>
      </logical_group>
      <logical_group id="lg-12">
         <name>.int00</name>
         <run_address>0x0</run_address>
         <size>0x0</size>
         <contents>
         </contents>
      </logical_group>
      <logical_group id="lg-13">
         <name>.int01</name>
         <run_address>0x0</run_address>
         <size>0x0</size>
         <contents>
         </contents>
      </logical_group>
      <logical_group id="lg-14">
         <name>PORT1</name>
         <run_address>0x0</run_address>
         <size>0x0</size>
         <contents>
         </contents>
      </logical_group>
      <logical_group id="lg-16">
         <name>PORT2</name>
         <run_address>0x0</run_address>
         <size>0x0</size>
         <contents>
         </contents>
      </logical_group>
      <logical_group id="lg-18">
         <name>.int04</name>
         <run_address>0x0</run_address>
         <size>0x0</size>
         <contents>
         </contents>
      </logical_group>
      <logical_group id="lg-19">
         <name>ADC10</name>
         <load_address>0xffea</load_address>
         <run_address>0xffea</run_address>
         <size>0x2</size>
         <contents>
            <object_component_ref idref="oc-4c"/>
         </contents>
      </logical_group>
      <logical_group id="lg-1b">
         <name>USCIAB0TX</name>
         <run_address>0x0</run_address>
         <size>0x0</size>
         <contents>
         </contents>
      </logical_group>
      <logical_group id="lg-1d">
         <name>USCIAB0RX</name>
         <run_address>0x0</run_address>
         <size>0x0</size>
         <contents>
         </contents>
      </logical_group>
      <logical_group id="lg-1f">
         <name>TIMER0_A1</name>
         <load_address>0xfff0</load_address>
         <run_address>0xfff0</run_address>
         <size>0x2</size>
         <contents>
            <object_component_ref idref="oc-46"/>
         </contents>
      </logical_group>
      <logical_group id="lg-21">
         <name>TIMER0_A0</name>
         <load_address>0xfff2</load_address>
         <run_address>0xfff2</run_address>
         <size>0x2</size>
         <contents>
            <object_component_ref idref="oc-40"/>
         </contents>
      </logical_group>
      <logical_group id="lg-23">
         <name>WDT</name>
         <run_address>0x0</run_address>
         <size>0x0</size>
         <contents>
         </contents>
      </logical_group>
      <logical_group id="lg-25">
         <name>COMPARATORA</name>
         <run_address>0x0</run_address>
         <size>0x0</size>
         <contents>
         </contents>
      </logical_group>
      <logical_group id="lg-27">
         <name>TIMER1_A1</name>
         <run_address>0x0</run_address>
         <size>0x0</size>
         <contents>
         </contents>
      </logical_group>
      <logical_group id="lg-29">
         <name>TIMER1_A0</name>
         <run_address>0x0</run_address>
         <size>0x0</size>
         <contents>
         </contents>
      </logical_group>
      <logical_group id="lg-2b">
         <name>NMI</name>
         <run_address>0x0</run_address>
         <size>0x0</size>
         <contents>
         </contents>
      </logical_group>
      <logical_group id="lg-2d">
         <name>.reset</name>
         <load_address>0xfffe</load_address>
         <run_address>0xfffe</run_address>
         <size>0x2</size>
         <contents>
            <object_component_ref idref="oc-2f"/>
         </contents>
      </logical_group>
      <logical_group id="lg-107">
         <name>.TI.noinit</name>
         <run_address>0x200</run_address>
         <size>0x0</size>
         <contents>
         </contents>
      </logical_group>
      <logical_group id="lg-2">
         <name>.bss</name>
         <run_address>0x200</run_address>
         <size>0x41</size>
         <contents>
            <object_component_ref idref="oc-80"/>
         </contents>
      </logical_group>
      <logical_group id="lg-106">
         <name>BSS_GROUP</name>
         <run_address>0x200</run_address>
         <size>0x41</size>
         <contents>
            <logical_group_ref idref="lg-107"/>
            <logical_group_ref idref="lg-2"/>
         </contents>
      </logical_group>
      <logical_group id="lg-109">
         <name>.TI.persistent</name>
         <run_address>0x0</run_address>
         <size>0x0</size>
         <contents>
         </contents>
      </logical_group>
      <logical_group id="lg-3">
         <name>.data</name>
         <run_address>0x0</run_address>
         <size>0x0</size>
         <contents>
         </contents>
      </logical_group>
      <logical_group id="lg-108">
         <name>DATA_GROUP</name>
         <run_address>0x0</run_address>
         <size>0x0</size>
         <contents>
            <logical_group_ref idref="lg-109"/>
            <logical_group_ref idref="lg-3"/>
         </contents>
      </logical_group>
      <logical_group id="lg-12d">
         <name>.debug_info</name>
         <load_address>0x0</load_address>
         <run_address>0x0</run_address>
         <size>0x2b73</size>
         <contents>
            <object_component_ref idref="oc-30"/>
            <object_component_ref idref="oc-38"/>
            <object_component_ref idref="oc-41"/>
            <object_component_ref idref="oc-47"/>
            <object_component_ref idref="oc-4d"/>
            <object_component_ref idref="oc-52"/>
            <object_component_ref idref="oc-54"/>
            <object_component_ref idref="oc-58"/>
            <object_component_ref idref="oc-5c"/>
            <object_component_ref idref="oc-61"/>
            <object_component_ref idref="oc-70"/>
            <object_component_ref idref="oc-81"/>
            <object_component_ref idref="oc-87"/>
            <object_component_ref idref="oc-8d"/>
            <object_component_ref idref="oc-93"/>
            <object_component_ref idref="oc-98"/>
            <object_component_ref idref="oc-9d"/>
            <object_component_ref idref="oc-a2"/>
            <object_component_ref idref="oc-a7"/>
            <object_component_ref idref="oc-ac"/>
            <object_component_ref idref="oc-b1"/>
            <object_component_ref idref="oc-b6"/>
            <object_component_ref idref="oc-bb"/>
            <object_component_ref idref="oc-c3"/>
            <object_component_ref idref="oc-ce"/>
            <object_component_ref idref="oc-d4"/>
            <object_component_ref idref="oc-d8"/>
            <object_component_ref idref="oc-e1"/>
            <object_component_ref idref="oc-e6"/>
            <object_component_ref idref="oc-f9"/>
            <object_component_ref idref="oc-100"/>
            <object_component_ref idref="oc-13f"/>
         </contents>
      </logical_group>
      <logical_group id="lg-12f">
         <name>.debug_line</name>
         <load_address>0x0</load_address>
         <run_address>0x0</run_address>
         <size>0x8dc</size>
         <contents>
            <object_component_ref idref="oc-31"/>
            <object_component_ref idref="oc-39"/>
            <object_component_ref idref="oc-42"/>
            <object_component_ref idref="oc-48"/>
            <object_component_ref idref="oc-4e"/>
            <object_component_ref idref="oc-55"/>
            <object_component_ref idref="oc-59"/>
            <object_component_ref idref="oc-5d"/>
            <object_component_ref idref="oc-62"/>
            <object_component_ref idref="oc-72"/>
            <object_component_ref idref="oc-86"/>
            <object_component_ref idref="oc-89"/>
            <object_component_ref idref="oc-8f"/>
            <object_component_ref idref="oc-94"/>
            <object_component_ref idref="oc-99"/>
            <object_component_ref idref="oc-9e"/>
            <object_component_ref idref="oc-a3"/>
            <object_component_ref idref="oc-a8"/>
            <object_component_ref idref="oc-ad"/>
            <object_component_ref idref="oc-b2"/>
            <object_component_ref idref="oc-b7"/>
            <object_component_ref idref="oc-bd"/>
            <object_component_ref idref="oc-c5"/>
            <object_component_ref idref="oc-d3"/>
            <object_component_ref idref="oc-d9"/>
            <object_component_ref idref="oc-e2"/>
            <object_component_ref idref="oc-e7"/>
            <object_component_ref idref="oc-f5"/>
            <object_component_ref idref="oc-f7"/>
            <object_component_ref idref="oc-fa"/>
            <object_component_ref idref="oc-101"/>
         </contents>
      </logical_group>
      <logical_group id="lg-131">
         <name>.debug_aranges</name>
         <load_address>0x0</load_address>
         <run_address>0x0</run_address>
         <size>0x2c0</size>
         <contents>
            <object_component_ref idref="oc-32"/>
            <object_component_ref idref="oc-3a"/>
            <object_component_ref idref="oc-44"/>
            <object_component_ref idref="oc-4a"/>
            <object_component_ref idref="oc-50"/>
            <object_component_ref idref="oc-56"/>
            <object_component_ref idref="oc-5a"/>
            <object_component_ref idref="oc-5f"/>
            <object_component_ref idref="oc-63"/>
            <object_component_ref idref="oc-95"/>
            <object_component_ref idref="oc-9b"/>
            <object_component_ref idref="oc-a0"/>
            <object_component_ref idref="oc-a5"/>
            <object_component_ref idref="oc-aa"/>
            <object_component_ref idref="oc-af"/>
            <object_component_ref idref="oc-b4"/>
            <object_component_ref idref="oc-b9"/>
            <object_component_ref idref="oc-db"/>
            <object_component_ref idref="oc-e3"/>
            <object_component_ref idref="oc-e9"/>
            <object_component_ref idref="oc-fc"/>
            <object_component_ref idref="oc-102"/>
         </contents>
      </logical_group>
      <logical_group id="lg-133">
         <name>.debug_frame</name>
         <load_address>0x0</load_address>
         <run_address>0x0</run_address>
         <size>0x407</size>
         <contents>
            <object_component_ref idref="oc-43"/>
            <object_component_ref idref="oc-49"/>
            <object_component_ref idref="oc-4f"/>
            <object_component_ref idref="oc-5e"/>
            <object_component_ref idref="oc-9a"/>
            <object_component_ref idref="oc-9f"/>
            <object_component_ref idref="oc-a4"/>
            <object_component_ref idref="oc-a9"/>
            <object_component_ref idref="oc-ae"/>
            <object_component_ref idref="oc-b3"/>
            <object_component_ref idref="oc-b8"/>
            <object_component_ref idref="oc-da"/>
            <object_component_ref idref="oc-e8"/>
            <object_component_ref idref="oc-fb"/>
         </contents>
      </logical_group>
      <logical_group id="lg-135">
         <name>.debug_abbrev</name>
         <load_address>0x0</load_address>
         <run_address>0x0</run_address>
         <size>0xaf5</size>
         <contents>
            <object_component_ref idref="oc-64"/>
            <object_component_ref idref="oc-6f"/>
            <object_component_ref idref="oc-71"/>
            <object_component_ref idref="oc-82"/>
            <object_component_ref idref="oc-83"/>
            <object_component_ref idref="oc-84"/>
            <object_component_ref idref="oc-85"/>
            <object_component_ref idref="oc-88"/>
            <object_component_ref idref="oc-8c"/>
            <object_component_ref idref="oc-8e"/>
            <object_component_ref idref="oc-96"/>
            <object_component_ref idref="oc-ba"/>
            <object_component_ref idref="oc-bc"/>
            <object_component_ref idref="oc-c0"/>
            <object_component_ref idref="oc-c4"/>
            <object_component_ref idref="oc-d2"/>
            <object_component_ref idref="oc-d5"/>
            <object_component_ref idref="oc-d6"/>
            <object_component_ref idref="oc-dc"/>
            <object_component_ref idref="oc-dd"/>
            <object_component_ref idref="oc-de"/>
            <object_component_ref idref="oc-df"/>
            <object_component_ref idref="oc-e4"/>
            <object_component_ref idref="oc-ea"/>
            <object_component_ref idref="oc-f4"/>
            <object_component_ref idref="oc-f6"/>
            <object_component_ref idref="oc-fd"/>
            <object_component_ref idref="oc-fe"/>
            <object_component_ref idref="oc-103"/>
            <object_component_ref idref="oc-104"/>
            <object_component_ref idref="oc-105"/>
            <object_component_ref idref="oc-140"/>
         </contents>
      </logical_group>
      <logical_group id="lg-137">
         <name>.debug_str</name>
         <load_address>0x0</load_address>
         <run_address>0x0</run_address>
         <size>0x485</size>
         <contents>
            <object_component_ref idref="oc-73"/>
            <object_component_ref idref="oc-8a"/>
            <object_component_ref idref="oc-90"/>
            <object_component_ref idref="oc-be"/>
            <object_component_ref idref="oc-c6"/>
         </contents>
      </logical_group>
      <logical_group id="lg-139">
         <name>.debug_pubtypes</name>
         <load_address>0x0</load_address>
         <run_address>0x0</run_address>
         <size>0x32a</size>
         <contents>
            <object_component_ref idref="oc-74"/>
            <object_component_ref idref="oc-8b"/>
            <object_component_ref idref="oc-91"/>
            <object_component_ref idref="oc-bf"/>
            <object_component_ref idref="oc-c7"/>
         </contents>
      </logical_group>
      <load_segment id="lg-141">
         <name>SEGMENT_0</name>
         <run_address>0x200</run_address>
         <size>0x41</size>
         <flags>0x6</flags>
         <contents>
            <logical_group_ref idref="lg-2"/>
         </contents>
      </load_segment>
      <load_segment id="lg-142">
         <name>SEGMENT_1</name>
         <run_address>0x3b0</run_address>
         <size>0x50</size>
         <flags>0x6</flags>
         <contents>
            <logical_group_ref idref="lg-5"/>
         </contents>
      </load_segment>
      <load_segment id="lg-143">
         <name>SEGMENT_2</name>
         <load_address>0xc000</load_address>
         <run_address>0xc000</run_address>
         <size>0x4b6</size>
         <flags>0x5</flags>
         <contents>
            <logical_group_ref idref="lg-6"/>
            <logical_group_ref idref="lg-7"/>
         </contents>
      </load_segment>
      <load_segment id="lg-144">
         <name>SEGMENT_3</name>
         <load_address>0xffea</load_address>
         <run_address>0xffea</run_address>
         <size>0x2</size>
         <flags>0x4</flags>
         <contents>
            <logical_group_ref idref="lg-19"/>
         </contents>
      </load_segment>
      <load_segment id="lg-145">
         <name>SEGMENT_4</name>
         <load_address>0xfff0</load_address>
         <run_address>0xfff0</run_address>
         <size>0x4</size>
         <flags>0x4</flags>
         <contents>
            <logical_group_ref idref="lg-1f"/>
            <logical_group_ref idref="lg-21"/>
         </contents>
      </load_segment>
      <load_segment id="lg-146">
         <name>SEGMENT_5</name>
         <load_address>0xfffe</load_address>
         <run_address>0xfffe</run_address>
         <size>0x2</size>
         <flags>0x4</flags>
         <contents>
            <logical_group_ref idref="lg-2d"/>
         </contents>
      </load_segment>
   </logical_group_list>
   <placement_map>
      <memory_area>
         <name>SFR</name>
         <page_id>0x0</page_id>
         <origin>0x0</origin>
         <length>0x10</length>
         <used_space>0x0</used_space>
         <unused_space>0x10</unused_space>
         <attributes>RWIX</attributes>
         <usage_details>
         </usage_details>
      </memory_area>
      <memory_area>
         <name>PERIPHERALS_8BIT</name>
         <page_id>0x0</page_id>
         <origin>0x10</origin>
         <length>0xf0</length>
         <used_space>0x0</used_space>
         <unused_space>0xf0</unused_space>
         <attributes>RWIX</attributes>
         <usage_details>
         </usage_details>
      </memory_area>
      <memory_area>
         <name>PERIPHERALS_16BIT</name>
         <page_id>0x0</page_id>
         <origin>0x100</origin>
         <length>0x100</length>
         <used_space>0x0</used_space>
         <unused_space>0x100</unused_space>
         <attributes>RWIX</attributes>
         <usage_details>
         </usage_details>
      </memory_area>
      <memory_area>
         <name>RAM</name>
         <page_id>0x0</page_id>
         <origin>0x200</origin>
         <length>0x200</length>
         <used_space>0x91</used_space>
         <unused_space>0x16f</unused_space>
         <attributes>RWIX</attributes>
         <usage_details>
            <allocated_space>
               <start_address>0x200</start_address>
               <size>0x41</size>
               <logical_group_ref idref="lg-106"/>
            </allocated_space>
            <available_space>
               <start_address>0x241</start_address>
               <size>0x16f</size>
            </available_space>
            <allocated_space>
               <start_address>0x3b0</start_address>
               <size>0x50</size>
               <logical_group_ref idref="lg-5"/>
            </allocated_space>
         </usage_details>
      </memory_area>
      <memory_area>
         <name>INFOD</name>
         <page_id>0x0</page_id>
         <origin>0x1000</origin>
         <length>0x40</length>
         <used_space>0x0</used_space>
         <unused_space>0x40</unused_space>
         <attributes>RWIX</attributes>
         <usage_details>
         </usage_details>
      </memory_area>
      <memory_area>
         <name>INFOC</name>
         <page_id>0x0</page_id>
         <origin>0x1040</origin>
         <length>0x40</length>
         <used_space>0x0</used_space>
         <unused_space>0x40</unused_space>
         <attributes>RWIX</attributes>
         <usage_details>
         </usage_details>
      </memory_area>
      <memory_area>
         <name>INFOB</name>
         <page_id>0x0</page_id>
         <origin>0x1080</origin>
         <length>0x40</length>
         <used_space>0x0</used_space>
         <unused_space>0x40</unused_space>
         <attributes>RWIX</attributes>
         <usage_details>
         </usage_details>
      </memory_area>
      <memory_area>
         <name>INFOA</name>
         <page_id>0x0</page_id>
         <origin>0x10c0</origin>
         <length>0x40</length>
         <used_space>0x0</used_space>
         <unused_space>0x40</unused_space>
         <attributes>RWIX</attributes>
         <usage_details>
         </usage_details>
      </memory_area>
      <memory_area>
         <name>FLASH</name>
         <page_id>0x0</page_id>
         <origin>0xc000</origin>
         <length>0x3fe0</length>
         <used_space>0x4b6</used_space>
         <unused_space>0x3b2a</unused_space>
         <attributes>RWIX</attributes>
         <usage_details>
            <allocated_space>
               <start_address>0xc000</start_address>
               <size>0x4ac</size>
               <logical_group_ref idref="lg-6"/>
            </allocated_space>
            <allocated_space>
               <start_address>0xc4ac</start_address>
               <size>0xa</size>
               <logical_group_ref idref="lg-7"/>
            </allocated_space>
            <available_space>
               <start_address>0xc4b6</start_address>
               <size>0x3b2a</size>
            </available_space>
         </usage_details>
      </memory_area>
      <memory_area>
         <name>INT00</name>
         <page_id>0x0</page_id>
         <origin>0xffe0</origin>
         <length>0x2</length>
         <used_space>0x0</used_space>
         <unused_space>0x2</unused_space>
         <attributes>RWIX</attributes>
         <usage_details>
         </usage_details>
      </memory_area>
      <memory_area>
         <name>INT01</name>
         <page_id>0x0</page_id>
         <origin>0xffe2</origin>
         <length>0x2</length>
         <used_space>0x0</used_space>
         <unused_space>0x2</unused_space>
         <attributes>RWIX</attributes>
         <usage_details>
         </usage_details>
      </memory_area>
      <memory_area>
         <name>INT02</name>
         <page_id>0x0</page_id>
         <origin>0xffe4</origin>
         <length>0x2</length>
         <used_space>0x0</used_space>
         <unused_space>0x2</unused_space>
         <attributes>RWIX</attributes>
         <usage_details>
         </usage_details>
      </memory_area>
      <memory_area>
         <name>INT03</name>
         <page_id>0x0</page_id>
         <origin>0xffe6</origin>
         <length>0x2</length>
         <used_space>0x0</used_space>
         <unused_space>0x2</unused_space>
         <attributes>RWIX</attributes>
         <usage_details>
         </usage_details>
      </memory_area>
      <memory_area>
         <name>INT04</name>
         <page_id>0x0</page_id>
         <origin>0xffe8</origin>
         <length>0x2</length>
         <used_space>0x0</used_space>
         <unused_space>0x2</unused_space>
         <attributes>RWIX</attributes>
         <usage_details>
         </usage_details>
      </memory_area>
      <memory_area>
         <name>INT05</name>
         <page_id>0x0</page_id>
         <origin>0xffea</origin>
         <length>0x2</length>
         <used_space>0x2</used_space>
         <unused_space>0x0</unused_space>
         <attributes>RWIX</attributes>
         <usage_details>
            <allocated_space>
               <start_address>0xffea</start_address>
               <size>0x2</size>
               <logical_group_ref idref="lg-19"/>
            </allocated_space>
         </usage_details>
      </memory_area>
      <memory_area>
         <name>INT06</name>
         <page_id>0x0</page_id>
         <origin>0xffec</origin>
         <length>0x2</length>
         <used_space>0x0</used_space>
         <unused_space>0x2</unused_space>
         <attributes>RWIX</attributes>
         <usage_details>
         </usage_details>
      </memory_area>
      <memory_area>
         <name>INT07</name>
         <page_id>0x0</page_id>
         <origin>0xffee</origin>
         <length>0x2</length>
         <used_space>0x0</used_space>
         <unused_space>0x2</unused_space>
         <attributes>RWIX</attributes>
         <usage_details>
         </usage_details>
      </memory_area>
      <memory_area>
         <name>INT08</name>
         <page_id>0x0</page_id>
         <origin>0xfff0</origin>
         <length>0x2</length>
         <used_space>0x2</used_space>
         <unused_space>0x0</unused_space>
         <attributes>RWIX</attributes>
         <usage_details>
            <allocated_space>
               <start_address>0xfff0</start_address>
               <size>0x2</size>
               <logical_group_ref idref="lg-1f"/>
            </allocated_space>
         </usage_details>
      </memory_area>
      <memory_area>
         <name>INT09</name>
         <page_id>0x0</page_id>
         <origin>0xfff2</origin>
         <length>0x2</length>
         <used_space>0x2</used_space>
         <unused_space>0x0</unused_space>
         <attributes>RWIX</attributes>
         <usage_details>
            <allocated_space>
               <start_address>0xfff2</start_address>
               <size>0x2</size>
               <logical_group_ref idref="lg-21"/>
            </allocated_space>
         </usage_details>
      </memory_area>
      <memory_area>
         <name>INT10</name>
         <page_id>0x0</page_id>
         <origin>0xfff4</origin>
         <length>0x2</length>
         <used_space>0x0</used_space>
         <unused_space>0x2</unused_space>
         <attributes>RWIX</attributes>
         <usage_details>
         </usage_details>
      </memory_area>
      <memory_area>
         <name>INT11</name>
         <page_id>0x0</page_id>
         <origin>0xfff6</origin>
         <length>0x2</length>
         <used_space>0x0</used_space>
         <unused_space>0x2</unused_space>
         <attributes>RWIX</attributes>
         <usage_details>
         </usage_details>
      </memory_area>
      <memory_area>
         <name>INT12</name>
         <page_id>0x0</page_id>
         <origin>0xfff8</origin>
         <length>0x2</length>
         <used_space>0x0</used_space>
         <unused_space>0x2</unused_space>
         <attributes>RWIX</attributes>
         <usage_details>
         </usage_details>
      </memory_area>
      <memory_area>
         <name>INT13</name>
         <page_id>0x0</page_id>
         <origin>0xfffa</origin>
         <length>0x2</length>
         <used_space>0x0</used_space>
         <unused_space>0x2</unused_space>
         <attributes>RWIX</attributes>
         <usage_details>
         </usage_details>
      </memory_area>
      <memory_area>
         <name>INT14</name>
         <page_id>0x0</page_id>
         <origin>0xfffc</origin>
         <length>0x2</length>
         <used_space>0x0</used_space>
         <unused_space>0x2</unused_space>
         <attributes>RWIX</attributes>
         <usage_details>
         </usage_details>
      </memory_area>
      <memory_area>
         <name>RESET</name>
         <page_id>0x0</page_id>
         <origin>0xfffe</origin>
         <length>0x2</length>
         <used_space>0x2</used_space>
         <unused_space>0x0</unused_space>
         <attributes>RWIX</attributes>
         <usage_details>
            <allocated_space>
               <start_address>0xfffe</start_address>
               <size>0x2</size>
               <logical_group_ref idref="lg-2d"/>
            </allocated_space>
         </usage_details>
      </memory_area>
   </placement_map>
   <cptbl_list>
      <cptbl>
         <name>__TI_cinit_table</name>
         <cprec>
            <name>.bss</name>
            <load_address>0xc4ac</load_address>
            <load_size>0x4</load_size>
            <run_address>0x200</run_address>
            <run_size>0x41</run_size>
            <compression>zero_init</compression>
         </cprec>
      </cptbl>
   </cptbl_list>
   <handler_table>
      <handler_table_name>__TI_handler_table</handler_table_name>
      <handler>
         <index>0x0</index>
         <name>__TI_zero_init</name>
      </handler>
   </handler_table>
   <symbol_table>
      <symbol id="sm-1">
         <name>IE1</name>
         <value>0x0</value>
      </symbol>
      <symbol id="sm-2">
         <name>IFG1</name>
         <value>0x2</value>
      </symbol>
      <symbol id="sm-3">
         <name>IE2</name>
         <value>0x1</value>
      </symbol>
      <symbol id="sm-4">
         <name>IFG2</name>
         <value>0x3</value>
      </symbol>
      <symbol id="sm-5">
         <name>ADC10DTC0</name>
         <value>0x48</value>
      </symbol>
      <symbol id="sm-6">
         <name>ADC10DTC1</name>
         <value>0x49</value>
      </symbol>
      <symbol id="sm-7">
         <name>ADC10AE0</name>
         <value>0x4a</value>
      </symbol>
      <symbol id="sm-8">
         <name>ADC10CTL0</name>
         <value>0x1b0</value>
      </symbol>
      <symbol id="sm-9">
         <name>ADC10CTL1</name>
         <value>0x1b2</value>
      </symbol>
      <symbol id="sm-a">
         <name>ADC10MEM</name>
         <value>0x1b4</value>
      </symbol>
      <symbol id="sm-b">
         <name>ADC10SA</name>
         <value>0x1bc</value>
      </symbol>
      <symbol id="sm-c">
         <name>DCOCTL</name>
         <value>0x56</value>
      </symbol>
      <symbol id="sm-d">
         <name>BCSCTL1</name>
         <value>0x57</value>
      </symbol>
      <symbol id="sm-e">
         <name>BCSCTL2</name>
         <value>0x58</value>
      </symbol>
      <symbol id="sm-f">
         <name>BCSCTL3</name>
         <value>0x53</value>
      </symbol>
      <symbol id="sm-10">
         <name>CACTL1</name>
         <value>0x59</value>
      </symbol>
      <symbol id="sm-11">
         <name>CACTL2</name>
         <value>0x5a</value>
      </symbol>
      <symbol id="sm-12">
         <name>CAPD</name>
         <value>0x5b</value>
      </symbol>
      <symbol id="sm-13">
         <name>FCTL1</name>
         <value>0x128</value>
      </symbol>
      <symbol id="sm-14">
         <name>FCTL2</name>
         <value>0x12a</value>
      </symbol>
      <symbol id="sm-15">
         <name>FCTL3</name>
         <value>0x12c</value>
      </symbol>
      <symbol id="sm-16">
         <name>P1IN</name>
         <value>0x20</value>
      </symbol>
      <symbol id="sm-17">
         <name>P1OUT</name>
         <value>0x21</value>
      </symbol>
      <symbol id="sm-18">
         <name>P1DIR</name>
         <value>0x22</value>
      </symbol>
      <symbol id="sm-19">
         <name>P1IFG</name>
         <value>0x23</value>
      </symbol>
      <symbol id="sm-1a">
         <name>P1IES</name>
         <value>0x24</value>
      </symbol>
      <symbol id="sm-1b">
         <name>P1IE</name>
         <value>0x25</value>
      </symbol>
      <symbol id="sm-1c">
         <name>P1SEL</name>
         <value>0x26</value>
      </symbol>
      <symbol id="sm-1d">
         <name>P1SEL2</name>
         <value>0x41</value>
      </symbol>
      <symbol id="sm-1e">
         <name>P1REN</name>
         <value>0x27</value>
      </symbol>
      <symbol id="sm-1f">
         <name>P2IN</name>
         <value>0x28</value>
      </symbol>
      <symbol id="sm-20">
         <name>P2OUT</name>
         <value>0x29</value>
      </symbol>
      <symbol id="sm-21">
         <name>P2DIR</name>
         <value>0x2a</value>
      </symbol>
      <symbol id="sm-22">
         <name>P2IFG</name>
         <value>0x2b</value>
      </symbol>
      <symbol id="sm-23">
         <name>P2IES</name>
         <value>0x2c</value>
      </symbol>
      <symbol id="sm-24">
         <name>P2IE</name>
         <value>0x2d</value>
      </symbol>
      <symbol id="sm-25">
         <name>P2SEL</name>
         <value>0x2e</value>
      </symbol>
      <symbol id="sm-26">
         <name>P2SEL2</name>
         <value>0x42</value>
      </symbol>
      <symbol id="sm-27">
         <name>P2REN</name>
         <value>0x2f</value>
      </symbol>
      <symbol id="sm-28">
         <name>P3IN</name>
         <value>0x18</value>
      </symbol>
      <symbol id="sm-29">
         <name>P3OUT</name>
         <value>0x19</value>
      </symbol>
      <symbol id="sm-2a">
         <name>P3DIR</name>
         <value>0x1a</value>
      </symbol>
      <symbol id="sm-2b">
         <name>P3SEL</name>
         <value>0x1b</value>
      </symbol>
      <symbol id="sm-2c">
         <name>P3SEL2</name>
         <value>0x43</value>
      </symbol>
      <symbol id="sm-2d">
         <name>P3REN</name>
         <value>0x10</value>
      </symbol>
      <symbol id="sm-2e">
         <name>TA0IV</name>
         <value>0x12e</value>
      </symbol>
      <symbol id="sm-2f">
         <name>TA0CTL</name>
         <value>0x160</value>
      </symbol>
      <symbol id="sm-30">
         <name>TA0CCTL0</name>
         <value>0x162</value>
      </symbol>
      <symbol id="sm-31">
         <name>TA0CCTL1</name>
         <value>0x164</value>
      </symbol>
      <symbol id="sm-32">
         <name>TA0CCTL2</name>
         <value>0x166</value>
      </symbol>
      <symbol id="sm-33">
         <name>TA0R</name>
         <value>0x170</value>
      </symbol>
      <symbol id="sm-34">
         <name>TA0CCR0</name>
         <value>0x172</value>
      </symbol>
      <symbol id="sm-35">
         <name>TA0CCR1</name>
         <value>0x174</value>
      </symbol>
      <symbol id="sm-36">
         <name>TA0CCR2</name>
         <value>0x176</value>
      </symbol>
      <symbol id="sm-37">
         <name>TA1IV</name>
         <value>0x11e</value>
      </symbol>
      <symbol id="sm-38">
         <name>TA1CTL</name>
         <value>0x180</value>
      </symbol>
      <symbol id="sm-39">
         <name>TA1CCTL0</name>
         <value>0x182</value>
      </symbol>
      <symbol id="sm-3a">
         <name>TA1CCTL1</name>
         <value>0x184</value>
      </symbol>
      <symbol id="sm-3b">
         <name>TA1CCTL2</name>
         <value>0x186</value>
      </symbol>
      <symbol id="sm-3c">
         <name>TA1R</name>
         <value>0x190</value>
      </symbol>
      <symbol id="sm-3d">
         <name>TA1CCR0</name>
         <value>0x192</value>
      </symbol>
      <symbol id="sm-3e">
         <name>TA1CCR1</name>
         <value>0x194</value>
      </symbol>
      <symbol id="sm-3f">
         <name>TA1CCR2</name>
         <value>0x196</value>
      </symbol>
      <symbol id="sm-40">
         <name>UCA0CTL0</name>
         <value>0x60</value>
      </symbol>
      <symbol id="sm-41">
         <name>UCA0CTL1</name>
         <value>0x61</value>
      </symbol>
      <symbol id="sm-42">
         <name>UCA0BR0</name>
         <value>0x62</value>
      </symbol>
      <symbol id="sm-43">
         <name>UCA0BR1</name>
         <value>0x63</value>
      </symbol>
      <symbol id="sm-44">
         <name>UCA0MCTL</name>
         <value>0x64</value>
      </symbol>
      <symbol id="sm-45">
         <name>UCA0STAT</name>
         <value>0x65</value>
      </symbol>
      <symbol id="sm-46">
         <name>UCA0RXBUF</name>
         <value>0x66</value>
      </symbol>
      <symbol id="sm-47">
         <name>UCA0TXBUF</name>
         <value>0x67</value>
      </symbol>
      <symbol id="sm-48">
         <name>UCA0ABCTL</name>
         <value>0x5d</value>
      </symbol>
      <symbol id="sm-49">
         <name>UCA0IRTCTL</name>
         <value>0x5e</value>
      </symbol>
      <symbol id="sm-4a">
         <name>UCA0IRRCTL</name>
         <value>0x5f</value>
      </symbol>
      <symbol id="sm-4b">
         <name>UCB0CTL0</name>
         <value>0x68</value>
      </symbol>
      <symbol id="sm-4c">
         <name>UCB0CTL1</name>
         <value>0x69</value>
      </symbol>
      <symbol id="sm-4d">
         <name>UCB0BR0</name>
         <value>0x6a</value>
      </symbol>
      <symbol id="sm-4e">
         <name>UCB0BR1</name>
         <value>0x6b</value>
      </symbol>
      <symbol id="sm-4f">
         <name>UCB0I2CIE</name>
         <value>0x6c</value>
      </symbol>
      <symbol id="sm-50">
         <name>UCB0STAT</name>
         <value>0x6d</value>
      </symbol>
      <symbol id="sm-51">
         <name>UCB0RXBUF</name>
         <value>0x6e</value>
      </symbol>
      <symbol id="sm-52">
         <name>UCB0TXBUF</name>
         <value>0x6f</value>
      </symbol>
      <symbol id="sm-53">
         <name>UCB0I2COA</name>
         <value>0x118</value>
      </symbol>
      <symbol id="sm-54">
         <name>UCB0I2CSA</name>
         <value>0x11a</value>
      </symbol>
      <symbol id="sm-55">
         <name>WDTCTL</name>
         <value>0x120</value>
      </symbol>
      <symbol id="sm-56">
         <name>CALDCO_16MHZ</name>
         <value>0x10f8</value>
      </symbol>
      <symbol id="sm-57">
         <name>CALBC1_16MHZ</name>
         <value>0x10f9</value>
      </symbol>
      <symbol id="sm-58">
         <name>CALDCO_12MHZ</name>
         <value>0x10fa</value>
      </symbol>
      <symbol id="sm-59">
         <name>CALBC1_12MHZ</name>
         <value>0x10fb</value>
      </symbol>
      <symbol id="sm-5a">
         <name>CALDCO_8MHZ</name>
         <value>0x10fc</value>
      </symbol>
      <symbol id="sm-5b">
         <name>CALBC1_8MHZ</name>
         <value>0x10fd</value>
      </symbol>
      <symbol id="sm-5c">
         <name>CALDCO_1MHZ</name>
         <value>0x10fe</value>
      </symbol>
      <symbol id="sm-5d">
         <name>CALBC1_1MHZ</name>
         <value>0x10ff</value>
      </symbol>
      <symbol id="sm-5e">
         <name>__TI_CINIT_Base</name>
         <value>0xc4b2</value>
      </symbol>
      <symbol id="sm-5f">
         <name>__TI_CINIT_Limit</name>
         <value>0xc4b6</value>
      </symbol>
      <symbol id="sm-60">
         <name>__TI_Handler_Table_Base</name>
         <value>0xc4b0</value>
      </symbol>
      <symbol id="sm-61">
         <name>__TI_Handler_Table_Limit</name>
         <value>0xc4b2</value>
      </symbol>
      <symbol id="sm-62">
         <name>binit</name>
         <value>0xffffffff</value>
      </symbol>
      <symbol id="sm-63">
         <name>__binit__</name>
         <value>0xffffffff</value>
      </symbol>
      <symbol id="sm-64">
         <name>__STACK_SIZE</name>
         <value>0x50</value>
      </symbol>
      <symbol id="sm-65">
         <name>__STACK_END</name>
         <value>0x400</value>
      </symbol>
      <symbol id="sm-66">
         <name>__c_args__</name>
         <value>0xffffffff</value>
      </symbol>
      <symbol id="sm-155">
         <name>current</name>
         <value>0x20a</value>
         <object_component_ref idref="oc-80"/>
      </symbol>
      <symbol id="sm-156">
         <name>TA_FFF0_ISR</name>
         <value>0xc48a</value>
         <object_component_ref idref="oc-45"/>
      </symbol>
      <symbol id="sm-157">
         <name>ADC10_ISR</name>
         <value>0xc49e</value>
         <object_component_ref idref="oc-4b"/>
      </symbol>
      <symbol id="sm-158">
         <name>digital</name>
         <value>0x218</value>
         <object_component_ref idref="oc-80"/>
      </symbol>
      <symbol id="sm-159">
         <name>nextCapture</name>
         <value>0x240</value>
         <object_component_ref idref="oc-80"/>
      </symbol>
      <symbol id="sm-15a">
         <name>udlr</name>
         <value>0x215</value>
         <object_component_ref idref="oc-80"/>
      </symbol>
      <symbol id="sm-15b">
         <name>Display</name>
         <value>0xc112</value>
         <object_component_ref idref="oc-b5"/>
      </symbol>
      <symbol id="sm-15c">
         <name>SWFlag</name>
         <value>0x216</value>
         <object_component_ref idref="oc-80"/>
      </symbol>
      <symbol id="sm-15d">
         <name>TA_FFF2_ISR</name>
         <value>0xc494</value>
         <object_component_ref idref="oc-3f"/>
      </symbol>
      <symbol id="sm-15e">
         <name>SWtimer</name>
         <value>0xc33a</value>
         <object_component_ref idref="oc-f8"/>
      </symbol>
      <symbol id="sm-15f">
         <name>MeasureSensor</name>
         <value>0xc2fe</value>
         <object_component_ref idref="oc-d7"/>
      </symbol>
      <symbol id="sm-160">
         <name>SetBaselines</name>
         <value>0xc2b2</value>
         <object_component_ref idref="oc-9c"/>
      </symbol>
      <symbol id="sm-161">
         <name>CheckCenter</name>
         <value>0xc404</value>
         <object_component_ref idref="oc-a1"/>
      </symbol>
      <symbol id="sm-162">
         <name>main</name>
         <value>0xc25e</value>
         <object_component_ref idref="oc-5b"/>
      </symbol>
      <symbol id="sm-163">
         <name>baseline</name>
         <value>0x200</value>
         <object_component_ref idref="oc-80"/>
      </symbol>
      <symbol id="sm-164">
         <name>Blink</name>
         <value>0xc000</value>
         <object_component_ref idref="oc-e5"/>
      </symbol>
      <symbol id="sm-165">
         <name>WaitForLeftRight</name>
         <value>0xc374</value>
         <object_component_ref idref="oc-ab"/>
      </symbol>
      <symbol id="sm-166">
         <name>Capture</name>
         <value>0xc18c</value>
         <object_component_ref idref="oc-b0"/>
      </symbol>
      <symbol id="sm-167">
         <name>upDown</name>
         <value>0x214</value>
         <object_component_ref idref="oc-80"/>
      </symbol>
      <symbol id="sm-168">
         <name>PrepPins</name>
         <value>0xc41e</value>
         <object_component_ref idref="oc-97"/>
      </symbol>
      <symbol id="sm-169">
         <name>WaitForUpDown</name>
         <value>0xc3aa</value>
         <object_component_ref idref="oc-a6"/>
      </symbol>
      <symbol id="sm-17b">
         <name>_c_int00_noexit</name>
         <value>0xc438</value>
         <object_component_ref idref="oc-2e"/>
      </symbol>
      <symbol id="sm-17c">
         <name>_c_int00</name>
         <value>0xc438</value>
         <object_component_ref idref="oc-2e"/>
      </symbol>
      <symbol id="sm-17d">
         <name>_stack</name>
         <value>0x3b0</value>
         <object_component_ref idref="oc-51"/>
      </symbol>
      <symbol id="sm-17e">
         <name>_reset_vector</name>
         <value>0xfffe</value>
         <object_component_ref idref="oc-2f"/>
      </symbol>
      <symbol id="sm-19b">
         <name>__TI_zero_init</name>
         <value>0xc452</value>
         <object_component_ref idref="oc-37"/>
      </symbol>
      <symbol id="sm-1a2">
         <name>__mspabi_func_epilog_2</name>
         <value>0xc484</value>
         <object_component_ref idref="oc-92"/>
      </symbol>
      <symbol id="sm-1a3">
         <name>__mspabi_func_epilog_3</name>
         <value>0xc482</value>
         <object_component_ref idref="oc-92"/>
      </symbol>
      <symbol id="sm-1a4">
         <name>__mspabi_func_epilog_1</name>
         <value>0xc486</value>
         <object_component_ref idref="oc-92"/>
      </symbol>
      <symbol id="sm-1a5">
         <name>__mspabi_func_epilog_6</name>
         <value>0xc47c</value>
         <object_component_ref idref="oc-92"/>
      </symbol>
      <symbol id="sm-1a6">
         <name>__mspabi_func_epilog_7</name>
         <value>0xc47a</value>
         <object_component_ref idref="oc-92"/>
      </symbol>
      <symbol id="sm-1a7">
         <name>__mspabi_func_epilog_4</name>
         <value>0xc480</value>
         <object_component_ref idref="oc-92"/>
      </symbol>
      <symbol id="sm-1a8">
         <name>__mspabi_func_epilog_5</name>
         <value>0xc47e</value>
         <object_component_ref idref="oc-92"/>
      </symbol>
      <symbol id="sm-1b0">
         <name>C$$EXIT</name>
         <value>0xc4a8</value>
         <object_component_ref idref="oc-60"/>
      </symbol>
      <symbol id="sm-1b1">
         <name>abort</name>
         <value>0xc4a8</value>
         <object_component_ref idref="oc-60"/>
      </symbol>
      <symbol id="sm-1b8">
         <name>__mspabi_slli</name>
         <value>0xc3d8</value>
         <object_component_ref idref="oc-e0"/>
      </symbol>
      <symbol id="sm-1b9">
         <name>__mspabi_slli_9</name>
         <value>0xc3f0</value>
         <object_component_ref idref="oc-e0"/>
      </symbol>
      <symbol id="sm-1ba">
         <name>__mspabi_slli_8</name>
         <value>0xc3f2</value>
         <object_component_ref idref="oc-e0"/>
      </symbol>
      <symbol id="sm-1bb">
         <name>__mspabi_slli_7</name>
         <value>0xc3f4</value>
         <object_component_ref idref="oc-e0"/>
      </symbol>
      <symbol id="sm-1bc">
         <name>__mspabi_slli_6</name>
         <value>0xc3f6</value>
         <object_component_ref idref="oc-e0"/>
      </symbol>
      <symbol id="sm-1bd">
         <name>__mspabi_slli_5</name>
         <value>0xc3f8</value>
         <object_component_ref idref="oc-e0"/>
      </symbol>
      <symbol id="sm-1be">
         <name>__mspabi_slli_4</name>
         <value>0xc3fa</value>
         <object_component_ref idref="oc-e0"/>
      </symbol>
      <symbol id="sm-1bf">
         <name>__mspabi_slli_3</name>
         <value>0xc3fc</value>
         <object_component_ref idref="oc-e0"/>
      </symbol>
      <symbol id="sm-1c0">
         <name>__mspabi_slli_2</name>
         <value>0xc3fe</value>
         <object_component_ref idref="oc-e0"/>
      </symbol>
      <symbol id="sm-1c1">
         <name>__mspabi_slli_1</name>
         <value>0xc400</value>
         <object_component_ref idref="oc-e0"/>
      </symbol>
      <symbol id="sm-1c2">
         <name>__mspabi_slli_15</name>
         <value>0xc3e4</value>
         <object_component_ref idref="oc-e0"/>
      </symbol>
      <symbol id="sm-1c3">
         <name>__mspabi_slli_14</name>
         <value>0xc3e6</value>
         <object_component_ref idref="oc-e0"/>
      </symbol>
      <symbol id="sm-1c4">
         <name>__mspabi_slli_13</name>
         <value>0xc3e8</value>
         <object_component_ref idref="oc-e0"/>
      </symbol>
      <symbol id="sm-1c5">
         <name>__mspabi_slli_12</name>
         <value>0xc3ea</value>
         <object_component_ref idref="oc-e0"/>
      </symbol>
      <symbol id="sm-1c6">
         <name>__mspabi_slli_11</name>
         <value>0xc3ec</value>
         <object_component_ref idref="oc-e0"/>
      </symbol>
      <symbol id="sm-1c7">
         <name>__mspabi_slli_10</name>
         <value>0xc3ee</value>
         <object_component_ref idref="oc-e0"/>
      </symbol>
      <symbol id="sm-1d1">
         <name>__mspabi_mpyi</name>
         <value>0xc466</value>
         <object_component_ref idref="oc-ff"/>
      </symbol>
      <symbol id="sm-1d8">
         <name>_system_pre_init</name>
         <value>0xc4a4</value>
         <object_component_ref idref="oc-53"/>
      </symbol>
      <symbol id="sm-1e6">
         <name>_auto_init</name>
         <value>0xc200</value>
         <object_component_ref idref="oc-57"/>
      </symbol>
      <symbol id="sm-1e7">
         <name>__TI_exit</name>
         <value>0x1</value>
      </symbol>
      <symbol id="sm-1e8">
         <name>__TI_args_main</name>
         <value>0x1</value>
      </symbol>
      <symbol id="sm-1e9">
         <name>__TI_INITARRAY_Base</name>
         <value>0x0</value>
      </symbol>
      <symbol id="sm-1ea">
         <name>__TI_INITARRAY_Limit</name>
         <value>0x0</value>
      </symbol>
   </symbol_table>
</link_info>
