<?xml version="1.0"?>
<link_info>
   <banner>MSP430 Linker PC v4.1.5</banner>
   <copyright>Copyright (c) 2003-2013 Texas Instruments Incorporated</copyright>
   <link_time>0x5642d042</link_time>
   <output_file>cjn_Lab5_c1.out</output_file>
   <entry_point>
      <name>_c_int00</name>
      <address>0xc17e</address>
   </entry_point>
   <input_file_list>
      <input_file id="fl-2">
         <path>.\</path>
         <kind>object</kind>
         <file>cjn_Lab5_c1.obj</file>
         <name>cjn_Lab5_c1.obj</name>
      </input_file>
      <input_file id="fl-1c">
         <path>C:\ti\ccsv5\tools\compiler\msp430_4.1.5\lib\</path>
         <kind>archive</kind>
         <file>rts430_eabi.lib</file>
         <name>boot.obj</name>
      </input_file>
      <input_file id="fl-1d">
         <path>C:\ti\ccsv5\tools\compiler\msp430_4.1.5\lib\</path>
         <kind>archive</kind>
         <file>rts430_eabi.lib</file>
         <name>copy_decompress_none.obj</name>
      </input_file>
      <input_file id="fl-1e">
         <path>C:\ti\ccsv5\tools\compiler\msp430_4.1.5\lib\</path>
         <kind>archive</kind>
         <file>rts430_eabi.lib</file>
         <name>copy_decompress_rle.obj</name>
      </input_file>
      <input_file id="fl-1f">
         <path>C:\ti\ccsv5\tools\compiler\msp430_4.1.5\lib\</path>
         <kind>archive</kind>
         <file>rts430_eabi.lib</file>
         <name>copy_zero_init.obj</name>
      </input_file>
      <input_file id="fl-20">
         <path>C:\ti\ccsv5\tools\compiler\msp430_4.1.5\lib\</path>
         <kind>archive</kind>
         <file>rts430_eabi.lib</file>
         <name>epilog.obj</name>
      </input_file>
      <input_file id="fl-21">
         <path>C:\ti\ccsv5\tools\compiler\msp430_4.1.5\lib\</path>
         <kind>archive</kind>
         <file>rts430_eabi.lib</file>
         <name>exit.obj</name>
      </input_file>
      <input_file id="fl-22">
         <path>C:\ti\ccsv5\tools\compiler\msp430_4.1.5\lib\</path>
         <kind>archive</kind>
         <file>rts430_eabi.lib</file>
         <name>lsl16.obj</name>
      </input_file>
      <input_file id="fl-23">
         <path>C:\ti\ccsv5\tools\compiler\msp430_4.1.5\lib\</path>
         <kind>archive</kind>
         <file>rts430_eabi.lib</file>
         <name>memcpy.obj</name>
      </input_file>
      <input_file id="fl-24">
         <path>C:\ti\ccsv5\tools\compiler\msp430_4.1.5\lib\</path>
         <kind>archive</kind>
         <file>rts430_eabi.lib</file>
         <name>pre_init.obj</name>
      </input_file>
      <input_file id="fl-25">
         <path>C:\ti\ccsv5\tools\compiler\msp430_4.1.5\lib\</path>
         <kind>archive</kind>
         <file>rts430_eabi.lib</file>
         <name>_lock.obj</name>
      </input_file>
      <input_file id="fl-26">
         <path>C:\ti\ccsv5\tools\compiler\msp430_4.1.5\lib\</path>
         <kind>archive</kind>
         <file>rts430_eabi.lib</file>
         <name>args_main.obj</name>
      </input_file>
      <input_file id="fl-27">
         <path>C:\ti\ccsv5\tools\compiler\msp430_4.1.5\lib\</path>
         <kind>archive</kind>
         <file>rts430_eabi.lib</file>
         <name>autoinit.obj</name>
      </input_file>
   </input_file_list>
   <object_component_list>
      <object_component id="oc-3f">
         <name>.stack</name>
         <uninitialized>true</uninitialized>
         <run_address>0x3b0</run_address>
         <size>0x2</size>
         <input_file_ref idref="fl-1c"/>
      </object_component>
      <object_component id="oc-eb">
         <name>.stack</name>
         <uninitialized>true</uninitialized>
         <run_address>0x3b0</run_address>
         <size>0x0</size>
      </object_component>
      <object_component id="oc-49">
         <name>.text:main</name>
         <load_address>0xc000</load_address>
         <run_address>0xc000</run_address>
         <size>0x96</size>
         <input_file_ref idref="fl-2"/>
      </object_component>
      <object_component id="oc-63">
         <name>.text:__TI_decompress_rle_core</name>
         <load_address>0xc096</load_address>
         <run_address>0xc096</run_address>
         <size>0x5e</size>
         <input_file_ref idref="fl-1e"/>
      </object_component>
      <object_component id="oc-45">
         <name>.text:_auto_init</name>
         <load_address>0xc0f4</load_address>
         <run_address>0xc0f4</run_address>
         <size>0x5e</size>
         <input_file_ref idref="fl-27"/>
      </object_component>
      <object_component id="oc-85">
         <name>.text</name>
         <load_address>0xc152</load_address>
         <run_address>0xc152</run_address>
         <size>0x2c</size>
         <input_file_ref idref="fl-22"/>
      </object_component>
      <object_component id="oc-2e">
         <name>.text:_c_int00_noexit</name>
         <load_address>0xc17e</load_address>
         <run_address>0xc17e</run_address>
         <size>0x1a</size>
         <input_file_ref idref="fl-1c"/>
      </object_component>
      <object_component id="oc-33">
         <name>.text:decompress:none:__TI_decompress_none</name>
         <load_address>0xc198</load_address>
         <run_address>0xc198</run_address>
         <size>0x12</size>
         <input_file_ref idref="fl-1d"/>
      </object_component>
      <object_component id="oc-80">
         <name>.text:delay</name>
         <load_address>0xc1aa</load_address>
         <run_address>0xc1aa</run_address>
         <size>0x12</size>
         <input_file_ref idref="fl-2"/>
      </object_component>
      <object_component id="oc-53">
         <name>.text:memcpy</name>
         <load_address>0xc1bc</load_address>
         <run_address>0xc1bc</run_address>
         <size>0x12</size>
         <input_file_ref idref="fl-23"/>
      </object_component>
      <object_component id="oc-7b">
         <name>.text</name>
         <load_address>0xc1ce</load_address>
         <run_address>0xc1ce</run_address>
         <size>0x10</size>
         <input_file_ref idref="fl-20"/>
      </object_component>
      <object_component id="oc-3b">
         <name>.text:decompress:rle24:__TI_decompress_rle24</name>
         <load_address>0xc1de</load_address>
         <run_address>0xc1de</run_address>
         <size>0x6</size>
         <input_file_ref idref="fl-1e"/>
      </object_component>
      <object_component id="oc-41">
         <name>.text:_system_pre_init</name>
         <load_address>0xc1e4</load_address>
         <run_address>0xc1e4</run_address>
         <size>0x4</size>
         <input_file_ref idref="fl-24"/>
      </object_component>
      <object_component id="oc-4e">
         <name>.text:abort</name>
         <load_address>0xc1e8</load_address>
         <run_address>0xc1e8</run_address>
         <size>0x4</size>
         <input_file_ref idref="fl-21"/>
      </object_component>
      <object_component id="oc-ea">
         <name>.cinit..data.load</name>
         <load_address>0xc1ec</load_address>
         <run_address>0xc1ec</run_address>
         <size>0x6</size>
      </object_component>
      <object_component id="oc-e8">
         <name>__TI_handler_table</name>
         <load_address>0xc1f2</load_address>
         <run_address>0xc1f2</run_address>
         <size>0x4</size>
      </object_component>
      <object_component id="oc-e9">
         <name>__TI_cinit_table</name>
         <load_address>0xc1f6</load_address>
         <run_address>0xc1f6</run_address>
         <size>0x4</size>
      </object_component>
      <object_component id="oc-2f">
         <name>.reset</name>
         <load_address>0xfffe</load_address>
         <run_address>0xfffe</run_address>
         <size>0x2</size>
         <input_file_ref idref="fl-1c"/>
      </object_component>
      <object_component id="oc-a2">
         <name>.data</name>
         <load_address>0x200</load_address>
         <run_address>0x200</run_address>
         <size>0x2</size>
         <input_file_ref idref="fl-2"/>
      </object_component>
      <object_component id="oc-30">
         <name>.debug_info</name>
         <load_address>0x0</load_address>
         <run_address>0x0</run_address>
         <size>0x129</size>
         <input_file_ref idref="fl-1c"/>
      </object_component>
      <object_component id="oc-34">
         <name>.debug_info</name>
         <load_address>0x129</load_address>
         <run_address>0x129</run_address>
         <size>0x159</size>
         <input_file_ref idref="fl-1d"/>
      </object_component>
      <object_component id="oc-3c">
         <name>.debug_info</name>
         <load_address>0x282</load_address>
         <run_address>0x282</run_address>
         <size>0x16a</size>
         <input_file_ref idref="fl-1e"/>
      </object_component>
      <object_component id="oc-40">
         <name>.debug_info</name>
         <load_address>0x3ec</load_address>
         <run_address>0x3ec</run_address>
         <size>0xaa</size>
         <input_file_ref idref="fl-1c"/>
      </object_component>
      <object_component id="oc-42">
         <name>.debug_info</name>
         <load_address>0x496</load_address>
         <run_address>0x496</run_address>
         <size>0x101</size>
         <input_file_ref idref="fl-24"/>
      </object_component>
      <object_component id="oc-46">
         <name>.debug_info</name>
         <load_address>0x597</load_address>
         <run_address>0x597</run_address>
         <size>0x1aa</size>
         <input_file_ref idref="fl-27"/>
      </object_component>
      <object_component id="oc-4a">
         <name>.debug_info</name>
         <load_address>0x741</load_address>
         <run_address>0x741</run_address>
         <size>0x250</size>
         <input_file_ref idref="fl-2"/>
      </object_component>
      <object_component id="oc-4f">
         <name>.debug_info</name>
         <load_address>0x991</load_address>
         <run_address>0x991</run_address>
         <size>0x121</size>
         <input_file_ref idref="fl-21"/>
      </object_component>
      <object_component id="oc-54">
         <name>.debug_info</name>
         <load_address>0xab2</load_address>
         <run_address>0xab2</run_address>
         <size>0x160</size>
         <input_file_ref idref="fl-23"/>
      </object_component>
      <object_component id="oc-58">
         <name>.debug_info</name>
         <load_address>0xc12</load_address>
         <run_address>0xc12</run_address>
         <size>0x46</size>
         <input_file_ref idref="fl-1d"/>
      </object_component>
      <object_component id="oc-64">
         <name>.debug_info</name>
         <load_address>0xc58</load_address>
         <run_address>0xc58</run_address>
         <size>0x312</size>
         <input_file_ref idref="fl-1e"/>
      </object_component>
      <object_component id="oc-68">
         <name>.debug_info</name>
         <load_address>0xf6a</load_address>
         <run_address>0xf6a</run_address>
         <size>0x124</size>
         <input_file_ref idref="fl-1e"/>
      </object_component>
      <object_component id="oc-69">
         <name>.debug_info</name>
         <load_address>0x108e</load_address>
         <run_address>0x108e</run_address>
         <size>0x39</size>
         <input_file_ref idref="fl-1e"/>
      </object_component>
      <object_component id="oc-70">
         <name>.debug_info</name>
         <load_address>0x10c7</load_address>
         <run_address>0x10c7</run_address>
         <size>0x89</size>
         <input_file_ref idref="fl-1c"/>
      </object_component>
      <object_component id="oc-76">
         <name>.debug_info</name>
         <load_address>0x1150</load_address>
         <run_address>0x1150</run_address>
         <size>0x84</size>
         <input_file_ref idref="fl-1e"/>
      </object_component>
      <object_component id="oc-7c">
         <name>.debug_info</name>
         <load_address>0x11d4</load_address>
         <run_address>0x11d4</run_address>
         <size>0xe2</size>
         <input_file_ref idref="fl-20"/>
      </object_component>
      <object_component id="oc-81">
         <name>.debug_info</name>
         <load_address>0x12b6</load_address>
         <run_address>0x12b6</run_address>
         <size>0x174</size>
         <input_file_ref idref="fl-2"/>
      </object_component>
      <object_component id="oc-86">
         <name>.debug_info</name>
         <load_address>0x142a</load_address>
         <run_address>0x142a</run_address>
         <size>0xd4</size>
         <input_file_ref idref="fl-22"/>
      </object_component>
      <object_component id="oc-8a">
         <name>.debug_info</name>
         <load_address>0x14fe</load_address>
         <run_address>0x14fe</run_address>
         <size>0x84</size>
         <input_file_ref idref="fl-2"/>
      </object_component>
      <object_component id="oc-91">
         <name>.debug_info</name>
         <load_address>0x1582</load_address>
         <run_address>0x1582</run_address>
         <size>0x112</size>
         <input_file_ref idref="fl-23"/>
      </object_component>
      <object_component id="oc-92">
         <name>.debug_info</name>
         <load_address>0x1694</load_address>
         <run_address>0x1694</run_address>
         <size>0x2c</size>
         <input_file_ref idref="fl-1e"/>
      </object_component>
      <object_component id="oc-97">
         <name>.debug_info</name>
         <load_address>0x16c0</load_address>
         <run_address>0x16c0</run_address>
         <size>0x46</size>
         <input_file_ref idref="fl-1d"/>
      </object_component>
      <object_component id="oc-9c">
         <name>.debug_info</name>
         <load_address>0x1706</load_address>
         <run_address>0x1706</run_address>
         <size>0x15a</size>
         <input_file_ref idref="fl-1d"/>
      </object_component>
      <object_component id="oc-a3">
         <name>.debug_info</name>
         <load_address>0x1860</load_address>
         <run_address>0x1860</run_address>
         <size>0xca</size>
         <input_file_ref idref="fl-2"/>
      </object_component>
      <object_component id="oc-a8">
         <name>.debug_info</name>
         <load_address>0x192a</load_address>
         <run_address>0x192a</run_address>
         <size>0x90</size>
         <input_file_ref idref="fl-23"/>
      </object_component>
      <object_component id="oc-ec">
         <name>.debug_info</name>
         <load_address>0x19ba</load_address>
         <run_address>0x19ba</run_address>
         <size>0x9f</size>
      </object_component>
      <object_component id="oc-31">
         <name>.debug_line</name>
         <load_address>0x0</load_address>
         <run_address>0x0</run_address>
         <size>0x3b</size>
         <input_file_ref idref="fl-1c"/>
      </object_component>
      <object_component id="oc-35">
         <name>.debug_line</name>
         <load_address>0x3b</load_address>
         <run_address>0x3b</run_address>
         <size>0x4b</size>
         <input_file_ref idref="fl-1d"/>
      </object_component>
      <object_component id="oc-3d">
         <name>.debug_line</name>
         <load_address>0x86</load_address>
         <run_address>0x86</run_address>
         <size>0x4a</size>
         <input_file_ref idref="fl-1e"/>
      </object_component>
      <object_component id="oc-43">
         <name>.debug_line</name>
         <load_address>0xd0</load_address>
         <run_address>0xd0</run_address>
         <size>0x3c</size>
         <input_file_ref idref="fl-24"/>
      </object_component>
      <object_component id="oc-47">
         <name>.debug_line</name>
         <load_address>0x10c</load_address>
         <run_address>0x10c</run_address>
         <size>0x4e</size>
         <input_file_ref idref="fl-27"/>
      </object_component>
      <object_component id="oc-4b">
         <name>.debug_line</name>
         <load_address>0x15a</load_address>
         <run_address>0x15a</run_address>
         <size>0x6a</size>
         <input_file_ref idref="fl-2"/>
      </object_component>
      <object_component id="oc-50">
         <name>.debug_line</name>
         <load_address>0x1c4</load_address>
         <run_address>0x1c4</run_address>
         <size>0x38</size>
         <input_file_ref idref="fl-21"/>
      </object_component>
      <object_component id="oc-55">
         <name>.debug_line</name>
         <load_address>0x1fc</load_address>
         <run_address>0x1fc</run_address>
         <size>0x3f</size>
         <input_file_ref idref="fl-23"/>
      </object_component>
      <object_component id="oc-5a">
         <name>.debug_line</name>
         <load_address>0x23b</load_address>
         <run_address>0x23b</run_address>
         <size>0x3a</size>
         <input_file_ref idref="fl-1d"/>
      </object_component>
      <object_component id="oc-65">
         <name>.debug_line</name>
         <load_address>0x275</load_address>
         <run_address>0x275</run_address>
         <size>0x56</size>
         <input_file_ref idref="fl-1e"/>
      </object_component>
      <object_component id="oc-6b">
         <name>.debug_line</name>
         <load_address>0x2cb</load_address>
         <run_address>0x2cb</run_address>
         <size>0x39</size>
         <input_file_ref idref="fl-1e"/>
      </object_component>
      <object_component id="oc-6f">
         <name>.debug_line</name>
         <load_address>0x304</load_address>
         <run_address>0x304</run_address>
         <size>0x2a</size>
         <input_file_ref idref="fl-1c"/>
      </object_component>
      <object_component id="oc-72">
         <name>.debug_line</name>
         <load_address>0x32e</load_address>
         <run_address>0x32e</run_address>
         <size>0x20</size>
         <input_file_ref idref="fl-1c"/>
      </object_component>
      <object_component id="oc-78">
         <name>.debug_line</name>
         <load_address>0x34e</load_address>
         <run_address>0x34e</run_address>
         <size>0x20</size>
         <input_file_ref idref="fl-1e"/>
      </object_component>
      <object_component id="oc-7d">
         <name>.debug_line</name>
         <load_address>0x36e</load_address>
         <run_address>0x36e</run_address>
         <size>0x40</size>
         <input_file_ref idref="fl-20"/>
      </object_component>
      <object_component id="oc-82">
         <name>.debug_line</name>
         <load_address>0x3ae</load_address>
         <run_address>0x3ae</run_address>
         <size>0x4e</size>
         <input_file_ref idref="fl-2"/>
      </object_component>
      <object_component id="oc-87">
         <name>.debug_line</name>
         <load_address>0x3fc</load_address>
         <run_address>0x3fc</run_address>
         <size>0x4e</size>
         <input_file_ref idref="fl-22"/>
      </object_component>
      <object_component id="oc-8c">
         <name>.debug_line</name>
         <load_address>0x44a</load_address>
         <run_address>0x44a</run_address>
         <size>0x20</size>
         <input_file_ref idref="fl-2"/>
      </object_component>
      <object_component id="oc-94">
         <name>.debug_line</name>
         <load_address>0x46a</load_address>
         <run_address>0x46a</run_address>
         <size>0x44</size>
         <input_file_ref idref="fl-1e"/>
      </object_component>
      <object_component id="oc-99">
         <name>.debug_line</name>
         <load_address>0x4ae</load_address>
         <run_address>0x4ae</run_address>
         <size>0x44</size>
         <input_file_ref idref="fl-1d"/>
      </object_component>
      <object_component id="oc-a0">
         <name>.debug_line</name>
         <load_address>0x4f2</load_address>
         <run_address>0x4f2</run_address>
         <size>0x20</size>
         <input_file_ref idref="fl-1e"/>
      </object_component>
      <object_component id="oc-a7">
         <name>.debug_line</name>
         <load_address>0x512</load_address>
         <run_address>0x512</run_address>
         <size>0x20</size>
         <input_file_ref idref="fl-23"/>
      </object_component>
      <object_component id="oc-aa">
         <name>.debug_line</name>
         <load_address>0x532</load_address>
         <run_address>0x532</run_address>
         <size>0x20</size>
         <input_file_ref idref="fl-23"/>
      </object_component>
      <object_component id="oc-ae">
         <name>.debug_line</name>
         <load_address>0x552</load_address>
         <run_address>0x552</run_address>
         <size>0x20</size>
         <input_file_ref idref="fl-1d"/>
      </object_component>
      <object_component id="oc-b2">
         <name>.debug_line</name>
         <load_address>0x572</load_address>
         <run_address>0x572</run_address>
         <size>0x34</size>
         <input_file_ref idref="fl-2"/>
      </object_component>
      <object_component id="oc-32">
         <name>.debug_aranges</name>
         <load_address>0x0</load_address>
         <run_address>0x0</run_address>
         <size>0x20</size>
         <input_file_ref idref="fl-1c"/>
      </object_component>
      <object_component id="oc-36">
         <name>.debug_aranges</name>
         <load_address>0x20</load_address>
         <run_address>0x20</run_address>
         <size>0x20</size>
         <input_file_ref idref="fl-1d"/>
      </object_component>
      <object_component id="oc-3e">
         <name>.debug_aranges</name>
         <load_address>0x40</load_address>
         <run_address>0x40</run_address>
         <size>0x20</size>
         <input_file_ref idref="fl-1e"/>
      </object_component>
      <object_component id="oc-44">
         <name>.debug_aranges</name>
         <load_address>0x60</load_address>
         <run_address>0x60</run_address>
         <size>0x20</size>
         <input_file_ref idref="fl-24"/>
      </object_component>
      <object_component id="oc-48">
         <name>.debug_aranges</name>
         <load_address>0x80</load_address>
         <run_address>0x80</run_address>
         <size>0x20</size>
         <input_file_ref idref="fl-27"/>
      </object_component>
      <object_component id="oc-4d">
         <name>.debug_aranges</name>
         <load_address>0xa0</load_address>
         <run_address>0xa0</run_address>
         <size>0x20</size>
         <input_file_ref idref="fl-2"/>
      </object_component>
      <object_component id="oc-51">
         <name>.debug_aranges</name>
         <load_address>0xc0</load_address>
         <run_address>0xc0</run_address>
         <size>0x20</size>
         <input_file_ref idref="fl-21"/>
      </object_component>
      <object_component id="oc-56">
         <name>.debug_aranges</name>
         <load_address>0xe0</load_address>
         <run_address>0xe0</run_address>
         <size>0x20</size>
         <input_file_ref idref="fl-23"/>
      </object_component>
      <object_component id="oc-66">
         <name>.debug_aranges</name>
         <load_address>0x100</load_address>
         <run_address>0x100</run_address>
         <size>0x20</size>
         <input_file_ref idref="fl-1e"/>
      </object_component>
      <object_component id="oc-7e">
         <name>.debug_aranges</name>
         <load_address>0x120</load_address>
         <run_address>0x120</run_address>
         <size>0x20</size>
         <input_file_ref idref="fl-20"/>
      </object_component>
      <object_component id="oc-84">
         <name>.debug_aranges</name>
         <load_address>0x140</load_address>
         <run_address>0x140</run_address>
         <size>0x20</size>
         <input_file_ref idref="fl-2"/>
      </object_component>
      <object_component id="oc-88">
         <name>.debug_aranges</name>
         <load_address>0x160</load_address>
         <run_address>0x160</run_address>
         <size>0x20</size>
         <input_file_ref idref="fl-22"/>
      </object_component>
      <object_component id="oc-4c">
         <name>.debug_frame</name>
         <load_address>0x0</load_address>
         <run_address>0x0</run_address>
         <size>0x4d</size>
         <input_file_ref idref="fl-2"/>
      </object_component>
      <object_component id="oc-83">
         <name>.debug_frame</name>
         <load_address>0x4d</load_address>
         <run_address>0x4d</run_address>
         <size>0x47</size>
         <input_file_ref idref="fl-2"/>
      </object_component>
      <object_component id="oc-52">
         <name>.debug_abbrev</name>
         <load_address>0x0</load_address>
         <run_address>0x0</run_address>
         <size>0x5d</size>
         <input_file_ref idref="fl-1c"/>
      </object_component>
      <object_component id="oc-57">
         <name>.debug_abbrev</name>
         <load_address>0x5d</load_address>
         <run_address>0x5d</run_address>
         <size>0x6b</size>
         <input_file_ref idref="fl-1d"/>
      </object_component>
      <object_component id="oc-59">
         <name>.debug_abbrev</name>
         <load_address>0xc8</load_address>
         <run_address>0xc8</run_address>
         <size>0x24</size>
         <input_file_ref idref="fl-1d"/>
      </object_component>
      <object_component id="oc-67">
         <name>.debug_abbrev</name>
         <load_address>0xec</load_address>
         <run_address>0xec</run_address>
         <size>0x6b</size>
         <input_file_ref idref="fl-1e"/>
      </object_component>
      <object_component id="oc-6a">
         <name>.debug_abbrev</name>
         <load_address>0x157</load_address>
         <run_address>0x157</run_address>
         <size>0x24</size>
         <input_file_ref idref="fl-1e"/>
      </object_component>
      <object_component id="oc-6e">
         <name>.debug_abbrev</name>
         <load_address>0x17b</load_address>
         <run_address>0x17b</run_address>
         <size>0x29</size>
         <input_file_ref idref="fl-1c"/>
      </object_component>
      <object_component id="oc-71">
         <name>.debug_abbrev</name>
         <load_address>0x1a4</load_address>
         <run_address>0x1a4</run_address>
         <size>0x23</size>
         <input_file_ref idref="fl-1c"/>
      </object_component>
      <object_component id="oc-75">
         <name>.debug_abbrev</name>
         <load_address>0x1c7</load_address>
         <run_address>0x1c7</run_address>
         <size>0x5a</size>
         <input_file_ref idref="fl-24"/>
      </object_component>
      <object_component id="oc-77">
         <name>.debug_abbrev</name>
         <load_address>0x221</load_address>
         <run_address>0x221</run_address>
         <size>0x1c</size>
         <input_file_ref idref="fl-1e"/>
      </object_component>
      <object_component id="oc-7f">
         <name>.debug_abbrev</name>
         <load_address>0x23d</load_address>
         <run_address>0x23d</run_address>
         <size>0x7a</size>
         <input_file_ref idref="fl-27"/>
      </object_component>
      <object_component id="oc-89">
         <name>.debug_abbrev</name>
         <load_address>0x2b7</load_address>
         <run_address>0x2b7</run_address>
         <size>0x81</size>
         <input_file_ref idref="fl-2"/>
      </object_component>
      <object_component id="oc-8b">
         <name>.debug_abbrev</name>
         <load_address>0x338</load_address>
         <run_address>0x338</run_address>
         <size>0x1c</size>
         <input_file_ref idref="fl-2"/>
      </object_component>
      <object_component id="oc-8f">
         <name>.debug_abbrev</name>
         <load_address>0x354</load_address>
         <run_address>0x354</run_address>
         <size>0x6b</size>
         <input_file_ref idref="fl-21"/>
      </object_component>
      <object_component id="oc-90">
         <name>.debug_abbrev</name>
         <load_address>0x3bf</load_address>
         <run_address>0x3bf</run_address>
         <size>0x87</size>
         <input_file_ref idref="fl-23"/>
      </object_component>
      <object_component id="oc-93">
         <name>.debug_abbrev</name>
         <load_address>0x446</load_address>
         <run_address>0x446</run_address>
         <size>0x24</size>
         <input_file_ref idref="fl-1e"/>
      </object_component>
      <object_component id="oc-98">
         <name>.debug_abbrev</name>
         <load_address>0x46a</load_address>
         <run_address>0x46a</run_address>
         <size>0x24</size>
         <input_file_ref idref="fl-1d"/>
      </object_component>
      <object_component id="oc-9e">
         <name>.debug_abbrev</name>
         <load_address>0x48e</load_address>
         <run_address>0x48e</run_address>
         <size>0x77</size>
         <input_file_ref idref="fl-1e"/>
      </object_component>
      <object_component id="oc-9f">
         <name>.debug_abbrev</name>
         <load_address>0x505</load_address>
         <run_address>0x505</run_address>
         <size>0x37</size>
         <input_file_ref idref="fl-1e"/>
      </object_component>
      <object_component id="oc-a1">
         <name>.debug_abbrev</name>
         <load_address>0x53c</load_address>
         <run_address>0x53c</run_address>
         <size>0x3c</size>
         <input_file_ref idref="fl-20"/>
      </object_component>
      <object_component id="oc-a4">
         <name>.debug_abbrev</name>
         <load_address>0x578</load_address>
         <run_address>0x578</run_address>
         <size>0x7d</size>
         <input_file_ref idref="fl-2"/>
      </object_component>
      <object_component id="oc-a5">
         <name>.debug_abbrev</name>
         <load_address>0x5f5</load_address>
         <run_address>0x5f5</run_address>
         <size>0x3e</size>
         <input_file_ref idref="fl-22"/>
      </object_component>
      <object_component id="oc-a6">
         <name>.debug_abbrev</name>
         <load_address>0x633</load_address>
         <run_address>0x633</run_address>
         <size>0x37</size>
         <input_file_ref idref="fl-23"/>
      </object_component>
      <object_component id="oc-a9">
         <name>.debug_abbrev</name>
         <load_address>0x66a</load_address>
         <run_address>0x66a</run_address>
         <size>0x23</size>
         <input_file_ref idref="fl-23"/>
      </object_component>
      <object_component id="oc-ad">
         <name>.debug_abbrev</name>
         <load_address>0x68d</load_address>
         <run_address>0x68d</run_address>
         <size>0x57</size>
         <input_file_ref idref="fl-1d"/>
      </object_component>
      <object_component id="oc-b1">
         <name>.debug_abbrev</name>
         <load_address>0x6e4</load_address>
         <run_address>0x6e4</run_address>
         <size>0x29</size>
         <input_file_ref idref="fl-2"/>
      </object_component>
      <object_component id="oc-ed">
         <name>.debug_abbrev</name>
         <load_address>0x70d</load_address>
         <run_address>0x70d</run_address>
         <size>0xf</size>
      </object_component>
      <object_component id="oc-5b">
         <name>.debug_str</name>
         <load_address>0x0</load_address>
         <run_address>0x0</run_address>
         <size>0xb3</size>
         <input_file_ref idref="fl-1d"/>
      </object_component>
      <object_component id="oc-6c">
         <name>.debug_str</name>
         <load_address>0xb3</load_address>
         <run_address>0xb3</run_address>
         <size>0xa7</size>
         <input_file_ref idref="fl-1e"/>
      </object_component>
      <object_component id="oc-73">
         <name>.debug_str</name>
         <load_address>0x15a</load_address>
         <run_address>0x15a</run_address>
         <size>0x10f</size>
         <input_file_ref idref="fl-1c"/>
      </object_component>
      <object_component id="oc-79">
         <name>.debug_str</name>
         <load_address>0x269</load_address>
         <run_address>0x269</run_address>
         <size>0x10a</size>
         <input_file_ref idref="fl-1e"/>
      </object_component>
      <object_component id="oc-8d">
         <name>.debug_str</name>
         <load_address>0x373</load_address>
         <run_address>0x373</run_address>
         <size>0x122</size>
         <input_file_ref idref="fl-2"/>
      </object_component>
      <object_component id="oc-95">
         <name>.debug_str</name>
         <load_address>0x495</load_address>
         <run_address>0x495</run_address>
         <size>0x9c</size>
         <input_file_ref idref="fl-1e"/>
      </object_component>
      <object_component id="oc-9a">
         <name>.debug_str</name>
         <load_address>0x531</load_address>
         <run_address>0x531</run_address>
         <size>0xae</size>
         <input_file_ref idref="fl-1d"/>
      </object_component>
      <object_component id="oc-ab">
         <name>.debug_str</name>
         <load_address>0x5df</load_address>
         <run_address>0x5df</run_address>
         <size>0x10f</size>
         <input_file_ref idref="fl-23"/>
      </object_component>
      <object_component id="oc-5c">
         <name>.debug_pubtypes</name>
         <load_address>0x0</load_address>
         <run_address>0x0</run_address>
         <size>0x46</size>
         <input_file_ref idref="fl-1d"/>
      </object_component>
      <object_component id="oc-6d">
         <name>.debug_pubtypes</name>
         <load_address>0x46</load_address>
         <run_address>0x46</run_address>
         <size>0x37</size>
         <input_file_ref idref="fl-1e"/>
      </object_component>
      <object_component id="oc-74">
         <name>.debug_pubtypes</name>
         <load_address>0x7d</load_address>
         <run_address>0x7d</run_address>
         <size>0xed</size>
         <input_file_ref idref="fl-1c"/>
      </object_component>
      <object_component id="oc-7a">
         <name>.debug_pubtypes</name>
         <load_address>0x16a</load_address>
         <run_address>0x16a</run_address>
         <size>0xe4</size>
         <input_file_ref idref="fl-1e"/>
      </object_component>
      <object_component id="oc-8e">
         <name>.debug_pubtypes</name>
         <load_address>0x24e</load_address>
         <run_address>0x24e</run_address>
         <size>0xe4</size>
         <input_file_ref idref="fl-2"/>
      </object_component>
      <object_component id="oc-96">
         <name>.debug_pubtypes</name>
         <load_address>0x332</load_address>
         <run_address>0x332</run_address>
         <size>0x1d</size>
         <input_file_ref idref="fl-1e"/>
      </object_component>
      <object_component id="oc-9b">
         <name>.debug_pubtypes</name>
         <load_address>0x34f</load_address>
         <run_address>0x34f</run_address>
         <size>0x37</size>
         <input_file_ref idref="fl-1d"/>
      </object_component>
      <object_component id="oc-ac">
         <name>.debug_pubtypes</name>
         <load_address>0x386</load_address>
         <run_address>0x386</run_address>
         <size>0xff</size>
         <input_file_ref idref="fl-23"/>
      </object_component>
   </object_component_list>
   <logical_group_list>
      <logical_group id="lg-4">
         <name>.sysmem</name>
         <run_address>0x0</run_address>
         <size>0x0</size>
         <contents>
         </contents>
      </logical_group>
      <logical_group id="lg-5">
         <name>.stack</name>
         <run_address>0x3b0</run_address>
         <size>0x50</size>
         <contents>
            <object_component_ref idref="oc-3f"/>
            <object_component_ref idref="oc-eb"/>
         </contents>
      </logical_group>
      <logical_group id="lg-6">
         <name>.text</name>
         <load_address>0xc000</load_address>
         <run_address>0xc000</run_address>
         <size>0x1ec</size>
         <contents>
            <object_component_ref idref="oc-49"/>
            <object_component_ref idref="oc-63"/>
            <object_component_ref idref="oc-45"/>
            <object_component_ref idref="oc-85"/>
            <object_component_ref idref="oc-2e"/>
            <object_component_ref idref="oc-33"/>
            <object_component_ref idref="oc-80"/>
            <object_component_ref idref="oc-53"/>
            <object_component_ref idref="oc-7b"/>
            <object_component_ref idref="oc-3b"/>
            <object_component_ref idref="oc-41"/>
            <object_component_ref idref="oc-4e"/>
         </contents>
      </logical_group>
      <logical_group id="lg-7">
         <name>.cinit</name>
         <load_address>0xc1ec</load_address>
         <run_address>0xc1ec</run_address>
         <size>0xe</size>
         <contents>
            <object_component_ref idref="oc-ea"/>
            <object_component_ref idref="oc-e8"/>
            <object_component_ref idref="oc-e9"/>
         </contents>
      </logical_group>
      <logical_group id="lg-8">
         <name>.const</name>
         <run_address>0x0</run_address>
         <size>0x0</size>
         <contents>
         </contents>
      </logical_group>
      <logical_group id="lg-9">
         <name>.cio</name>
         <run_address>0x0</run_address>
         <size>0x0</size>
         <contents>
         </contents>
      </logical_group>
      <logical_group id="lg-a">
         <name>.pinit</name>
         <run_address>0x0</run_address>
         <size>0x0</size>
         <contents>
         </contents>
      </logical_group>
      <logical_group id="lg-b">
         <name>.init_array</name>
         <run_address>0x0</run_address>
         <size>0x0</size>
         <contents>
         </contents>
      </logical_group>
      <logical_group id="lg-c">
         <name>.mspabi.exidx</name>
         <run_address>0x0</run_address>
         <size>0x0</size>
         <contents>
         </contents>
      </logical_group>
      <logical_group id="lg-d">
         <name>.mspabi.extab</name>
         <run_address>0x0</run_address>
         <size>0x0</size>
         <contents>
         </contents>
      </logical_group>
      <logical_group id="lg-e">
         <name>.infoA</name>
         <run_address>0x0</run_address>
         <size>0x0</size>
         <contents>
         </contents>
      </logical_group>
      <logical_group id="lg-f">
         <name>.infoB</name>
         <run_address>0x0</run_address>
         <size>0x0</size>
         <contents>
         </contents>
      </logical_group>
      <logical_group id="lg-10">
         <name>.infoC</name>
         <run_address>0x0</run_address>
         <size>0x0</size>
         <contents>
         </contents>
      </logical_group>
      <logical_group id="lg-11">
         <name>.infoD</name>
         <run_address>0x0</run_address>
         <size>0x0</size>
         <contents>
         </contents>
      </logical_group>
      <logical_group id="lg-12">
         <name>.int00</name>
         <run_address>0x0</run_address>
         <size>0x0</size>
         <contents>
         </contents>
      </logical_group>
      <logical_group id="lg-13">
         <name>.int01</name>
         <run_address>0x0</run_address>
         <size>0x0</size>
         <contents>
         </contents>
      </logical_group>
      <logical_group id="lg-14">
         <name>PORT1</name>
         <run_address>0x0</run_address>
         <size>0x0</size>
         <contents>
         </contents>
      </logical_group>
      <logical_group id="lg-16">
         <name>PORT2</name>
         <run_address>0x0</run_address>
         <size>0x0</size>
         <contents>
         </contents>
      </logical_group>
      <logical_group id="lg-18">
         <name>.int04</name>
         <run_address>0x0</run_address>
         <size>0x0</size>
         <contents>
         </contents>
      </logical_group>
      <logical_group id="lg-19">
         <name>ADC10</name>
         <run_address>0x0</run_address>
         <size>0x0</size>
         <contents>
         </contents>
      </logical_group>
      <logical_group id="lg-1b">
         <name>USCIAB0TX</name>
         <run_address>0x0</run_address>
         <size>0x0</size>
         <contents>
         </contents>
      </logical_group>
      <logical_group id="lg-1d">
         <name>USCIAB0RX</name>
         <run_address>0x0</run_address>
         <size>0x0</size>
         <contents>
         </contents>
      </logical_group>
      <logical_group id="lg-1f">
         <name>TIMER0_A1</name>
         <run_address>0x0</run_address>
         <size>0x0</size>
         <contents>
         </contents>
      </logical_group>
      <logical_group id="lg-21">
         <name>TIMER0_A0</name>
         <run_address>0x0</run_address>
         <size>0x0</size>
         <contents>
         </contents>
      </logical_group>
      <logical_group id="lg-23">
         <name>WDT</name>
         <run_address>0x0</run_address>
         <size>0x0</size>
         <contents>
         </contents>
      </logical_group>
      <logical_group id="lg-25">
         <name>COMPARATORA</name>
         <run_address>0x0</run_address>
         <size>0x0</size>
         <contents>
         </contents>
      </logical_group>
      <logical_group id="lg-27">
         <name>TIMER1_A1</name>
         <run_address>0x0</run_address>
         <size>0x0</size>
         <contents>
         </contents>
      </logical_group>
      <logical_group id="lg-29">
         <name>TIMER1_A0</name>
         <run_address>0x0</run_address>
         <size>0x0</size>
         <contents>
         </contents>
      </logical_group>
      <logical_group id="lg-2b">
         <name>NMI</name>
         <run_address>0x0</run_address>
         <size>0x0</size>
         <contents>
         </contents>
      </logical_group>
      <logical_group id="lg-2d">
         <name>.reset</name>
         <load_address>0xfffe</load_address>
         <run_address>0xfffe</run_address>
         <size>0x2</size>
         <contents>
            <object_component_ref idref="oc-2f"/>
         </contents>
      </logical_group>
      <logical_group id="lg-b4">
         <name>.TI.noinit</name>
         <run_address>0x0</run_address>
         <size>0x0</size>
         <contents>
         </contents>
      </logical_group>
      <logical_group id="lg-2">
         <name>.bss</name>
         <run_address>0x0</run_address>
         <size>0x0</size>
         <contents>
         </contents>
      </logical_group>
      <logical_group id="lg-b3">
         <name>BSS_GROUP</name>
         <run_address>0x0</run_address>
         <size>0x0</size>
         <contents>
            <logical_group_ref idref="lg-b4"/>
            <logical_group_ref idref="lg-2"/>
         </contents>
      </logical_group>
      <logical_group id="lg-b6">
         <name>.TI.persistent</name>
         <run_address>0x200</run_address>
         <size>0x0</size>
         <contents>
         </contents>
      </logical_group>
      <logical_group id="lg-3">
         <name>.data</name>
         <load_address>0x200</load_address>
         <run_address>0x200</run_address>
         <size>0x2</size>
         <contents>
            <object_component_ref idref="oc-a2"/>
         </contents>
      </logical_group>
      <logical_group id="lg-b5">
         <name>DATA_GROUP</name>
         <load_address>0x200</load_address>
         <run_address>0x200</run_address>
         <size>0x2</size>
         <contents>
            <logical_group_ref idref="lg-b6"/>
            <logical_group_ref idref="lg-3"/>
         </contents>
      </logical_group>
      <logical_group id="lg-da">
         <name>.debug_info</name>
         <load_address>0x0</load_address>
         <run_address>0x0</run_address>
         <size>0x1a59</size>
         <contents>
            <object_component_ref idref="oc-30"/>
            <object_component_ref idref="oc-34"/>
            <object_component_ref idref="oc-3c"/>
            <object_component_ref idref="oc-40"/>
            <object_component_ref idref="oc-42"/>
            <object_component_ref idref="oc-46"/>
            <object_component_ref idref="oc-4a"/>
            <object_component_ref idref="oc-4f"/>
            <object_component_ref idref="oc-54"/>
            <object_component_ref idref="oc-58"/>
            <object_component_ref idref="oc-64"/>
            <object_component_ref idref="oc-68"/>
            <object_component_ref idref="oc-69"/>
            <object_component_ref idref="oc-70"/>
            <object_component_ref idref="oc-76"/>
            <object_component_ref idref="oc-7c"/>
            <object_component_ref idref="oc-81"/>
            <object_component_ref idref="oc-86"/>
            <object_component_ref idref="oc-8a"/>
            <object_component_ref idref="oc-91"/>
            <object_component_ref idref="oc-92"/>
            <object_component_ref idref="oc-97"/>
            <object_component_ref idref="oc-9c"/>
            <object_component_ref idref="oc-a3"/>
            <object_component_ref idref="oc-a8"/>
            <object_component_ref idref="oc-ec"/>
         </contents>
      </logical_group>
      <logical_group id="lg-dc">
         <name>.debug_line</name>
         <load_address>0x0</load_address>
         <run_address>0x0</run_address>
         <size>0x5a6</size>
         <contents>
            <object_component_ref idref="oc-31"/>
            <object_component_ref idref="oc-35"/>
            <object_component_ref idref="oc-3d"/>
            <object_component_ref idref="oc-43"/>
            <object_component_ref idref="oc-47"/>
            <object_component_ref idref="oc-4b"/>
            <object_component_ref idref="oc-50"/>
            <object_component_ref idref="oc-55"/>
            <object_component_ref idref="oc-5a"/>
            <object_component_ref idref="oc-65"/>
            <object_component_ref idref="oc-6b"/>
            <object_component_ref idref="oc-6f"/>
            <object_component_ref idref="oc-72"/>
            <object_component_ref idref="oc-78"/>
            <object_component_ref idref="oc-7d"/>
            <object_component_ref idref="oc-82"/>
            <object_component_ref idref="oc-87"/>
            <object_component_ref idref="oc-8c"/>
            <object_component_ref idref="oc-94"/>
            <object_component_ref idref="oc-99"/>
            <object_component_ref idref="oc-a0"/>
            <object_component_ref idref="oc-a7"/>
            <object_component_ref idref="oc-aa"/>
            <object_component_ref idref="oc-ae"/>
            <object_component_ref idref="oc-b2"/>
         </contents>
      </logical_group>
      <logical_group id="lg-de">
         <name>.debug_aranges</name>
         <load_address>0x0</load_address>
         <run_address>0x0</run_address>
         <size>0x180</size>
         <contents>
            <object_component_ref idref="oc-32"/>
            <object_component_ref idref="oc-36"/>
            <object_component_ref idref="oc-3e"/>
            <object_component_ref idref="oc-44"/>
            <object_component_ref idref="oc-48"/>
            <object_component_ref idref="oc-4d"/>
            <object_component_ref idref="oc-51"/>
            <object_component_ref idref="oc-56"/>
            <object_component_ref idref="oc-66"/>
            <object_component_ref idref="oc-7e"/>
            <object_component_ref idref="oc-84"/>
            <object_component_ref idref="oc-88"/>
         </contents>
      </logical_group>
      <logical_group id="lg-e0">
         <name>.debug_frame</name>
         <load_address>0x0</load_address>
         <run_address>0x0</run_address>
         <size>0x94</size>
         <contents>
            <object_component_ref idref="oc-4c"/>
            <object_component_ref idref="oc-83"/>
         </contents>
      </logical_group>
      <logical_group id="lg-e2">
         <name>.debug_abbrev</name>
         <load_address>0x0</load_address>
         <run_address>0x0</run_address>
         <size>0x71c</size>
         <contents>
            <object_component_ref idref="oc-52"/>
            <object_component_ref idref="oc-57"/>
            <object_component_ref idref="oc-59"/>
            <object_component_ref idref="oc-67"/>
            <object_component_ref idref="oc-6a"/>
            <object_component_ref idref="oc-6e"/>
            <object_component_ref idref="oc-71"/>
            <object_component_ref idref="oc-75"/>
            <object_component_ref idref="oc-77"/>
            <object_component_ref idref="oc-7f"/>
            <object_component_ref idref="oc-89"/>
            <object_component_ref idref="oc-8b"/>
            <object_component_ref idref="oc-8f"/>
            <object_component_ref idref="oc-90"/>
            <object_component_ref idref="oc-93"/>
            <object_component_ref idref="oc-98"/>
            <object_component_ref idref="oc-9e"/>
            <object_component_ref idref="oc-9f"/>
            <object_component_ref idref="oc-a1"/>
            <object_component_ref idref="oc-a4"/>
            <object_component_ref idref="oc-a5"/>
            <object_component_ref idref="oc-a6"/>
            <object_component_ref idref="oc-a9"/>
            <object_component_ref idref="oc-ad"/>
            <object_component_ref idref="oc-b1"/>
            <object_component_ref idref="oc-ed"/>
         </contents>
      </logical_group>
      <logical_group id="lg-e4">
         <name>.debug_str</name>
         <load_address>0x0</load_address>
         <run_address>0x0</run_address>
         <size>0x6ee</size>
         <contents>
            <object_component_ref idref="oc-5b"/>
            <object_component_ref idref="oc-6c"/>
            <object_component_ref idref="oc-73"/>
            <object_component_ref idref="oc-79"/>
            <object_component_ref idref="oc-8d"/>
            <object_component_ref idref="oc-95"/>
            <object_component_ref idref="oc-9a"/>
            <object_component_ref idref="oc-ab"/>
         </contents>
      </logical_group>
      <logical_group id="lg-e6">
         <name>.debug_pubtypes</name>
         <load_address>0x0</load_address>
         <run_address>0x0</run_address>
         <size>0x485</size>
         <contents>
            <object_component_ref idref="oc-5c"/>
            <object_component_ref idref="oc-6d"/>
            <object_component_ref idref="oc-74"/>
            <object_component_ref idref="oc-7a"/>
            <object_component_ref idref="oc-8e"/>
            <object_component_ref idref="oc-96"/>
            <object_component_ref idref="oc-9b"/>
            <object_component_ref idref="oc-ac"/>
         </contents>
      </logical_group>
      <load_segment id="lg-ee">
         <name>SEGMENT_0</name>
         <load_address>0x200</load_address>
         <run_address>0x200</run_address>
         <size>0x2</size>
         <flags>0x6</flags>
         <contents>
            <logical_group_ref idref="lg-3"/>
         </contents>
      </load_segment>
      <load_segment id="lg-ef">
         <name>SEGMENT_1</name>
         <run_address>0x3b0</run_address>
         <size>0x50</size>
         <flags>0x6</flags>
         <contents>
            <logical_group_ref idref="lg-5"/>
         </contents>
      </load_segment>
      <load_segment id="lg-f0">
         <name>SEGMENT_2</name>
         <load_address>0xc000</load_address>
         <run_address>0xc000</run_address>
         <size>0x1fa</size>
         <flags>0x5</flags>
         <contents>
            <logical_group_ref idref="lg-6"/>
            <logical_group_ref idref="lg-7"/>
         </contents>
      </load_segment>
      <load_segment id="lg-f1">
         <name>SEGMENT_3</name>
         <load_address>0xfffe</load_address>
         <run_address>0xfffe</run_address>
         <size>0x2</size>
         <flags>0x4</flags>
         <contents>
            <logical_group_ref idref="lg-2d"/>
         </contents>
      </load_segment>
   </logical_group_list>
   <placement_map>
      <memory_area>
         <name>SFR</name>
         <page_id>0x0</page_id>
         <origin>0x0</origin>
         <length>0x10</length>
         <used_space>0x0</used_space>
         <unused_space>0x10</unused_space>
         <attributes>RWIX</attributes>
         <usage_details>
         </usage_details>
      </memory_area>
      <memory_area>
         <name>PERIPHERALS_8BIT</name>
         <page_id>0x0</page_id>
         <origin>0x10</origin>
         <length>0xf0</length>
         <used_space>0x0</used_space>
         <unused_space>0xf0</unused_space>
         <attributes>RWIX</attributes>
         <usage_details>
         </usage_details>
      </memory_area>
      <memory_area>
         <name>PERIPHERALS_16BIT</name>
         <page_id>0x0</page_id>
         <origin>0x100</origin>
         <length>0x100</length>
         <used_space>0x0</used_space>
         <unused_space>0x100</unused_space>
         <attributes>RWIX</attributes>
         <usage_details>
         </usage_details>
      </memory_area>
      <memory_area>
         <name>RAM</name>
         <page_id>0x0</page_id>
         <origin>0x200</origin>
         <length>0x200</length>
         <used_space>0x52</used_space>
         <unused_space>0x1ae</unused_space>
         <attributes>RWIX</attributes>
         <usage_details>
            <allocated_space>
               <start_address>0x200</start_address>
               <size>0x2</size>
               <logical_group_ref idref="lg-b5"/>
            </allocated_space>
            <available_space>
               <start_address>0x202</start_address>
               <size>0x1ae</size>
            </available_space>
            <allocated_space>
               <start_address>0x3b0</start_address>
               <size>0x50</size>
               <logical_group_ref idref="lg-5"/>
            </allocated_space>
         </usage_details>
      </memory_area>
      <memory_area>
         <name>INFOD</name>
         <page_id>0x0</page_id>
         <origin>0x1000</origin>
         <length>0x40</length>
         <used_space>0x0</used_space>
         <unused_space>0x40</unused_space>
         <attributes>RWIX</attributes>
         <usage_details>
         </usage_details>
      </memory_area>
      <memory_area>
         <name>INFOC</name>
         <page_id>0x0</page_id>
         <origin>0x1040</origin>
         <length>0x40</length>
         <used_space>0x0</used_space>
         <unused_space>0x40</unused_space>
         <attributes>RWIX</attributes>
         <usage_details>
         </usage_details>
      </memory_area>
      <memory_area>
         <name>INFOB</name>
         <page_id>0x0</page_id>
         <origin>0x1080</origin>
         <length>0x40</length>
         <used_space>0x0</used_space>
         <unused_space>0x40</unused_space>
         <attributes>RWIX</attributes>
         <usage_details>
         </usage_details>
      </memory_area>
      <memory_area>
         <name>INFOA</name>
         <page_id>0x0</page_id>
         <origin>0x10c0</origin>
         <length>0x40</length>
         <used_space>0x0</used_space>
         <unused_space>0x40</unused_space>
         <attributes>RWIX</attributes>
         <usage_details>
         </usage_details>
      </memory_area>
      <memory_area>
         <name>FLASH</name>
         <page_id>0x0</page_id>
         <origin>0xc000</origin>
         <length>0x3fe0</length>
         <used_space>0x1fa</used_space>
         <unused_space>0x3de6</unused_space>
         <attributes>RWIX</attributes>
         <usage_details>
            <allocated_space>
               <start_address>0xc000</start_address>
               <size>0x1ec</size>
               <logical_group_ref idref="lg-6"/>
            </allocated_space>
            <allocated_space>
               <start_address>0xc1ec</start_address>
               <size>0xe</size>
               <logical_group_ref idref="lg-7"/>
            </allocated_space>
            <available_space>
               <start_address>0xc1fa</start_address>
               <size>0x3de6</size>
            </available_space>
         </usage_details>
      </memory_area>
      <memory_area>
         <name>INT00</name>
         <page_id>0x0</page_id>
         <origin>0xffe0</origin>
         <length>0x2</length>
         <used_space>0x0</used_space>
         <unused_space>0x2</unused_space>
         <attributes>RWIX</attributes>
         <usage_details>
         </usage_details>
      </memory_area>
      <memory_area>
         <name>INT01</name>
         <page_id>0x0</page_id>
         <origin>0xffe2</origin>
         <length>0x2</length>
         <used_space>0x0</used_space>
         <unused_space>0x2</unused_space>
         <attributes>RWIX</attributes>
         <usage_details>
         </usage_details>
      </memory_area>
      <memory_area>
         <name>INT02</name>
         <page_id>0x0</page_id>
         <origin>0xffe4</origin>
         <length>0x2</length>
         <used_space>0x0</used_space>
         <unused_space>0x2</unused_space>
         <attributes>RWIX</attributes>
         <usage_details>
         </usage_details>
      </memory_area>
      <memory_area>
         <name>INT03</name>
         <page_id>0x0</page_id>
         <origin>0xffe6</origin>
         <length>0x2</length>
         <used_space>0x0</used_space>
         <unused_space>0x2</unused_space>
         <attributes>RWIX</attributes>
         <usage_details>
         </usage_details>
      </memory_area>
      <memory_area>
         <name>INT04</name>
         <page_id>0x0</page_id>
         <origin>0xffe8</origin>
         <length>0x2</length>
         <used_space>0x0</used_space>
         <unused_space>0x2</unused_space>
         <attributes>RWIX</attributes>
         <usage_details>
         </usage_details>
      </memory_area>
      <memory_area>
         <name>INT05</name>
         <page_id>0x0</page_id>
         <origin>0xffea</origin>
         <length>0x2</length>
         <used_space>0x0</used_space>
         <unused_space>0x2</unused_space>
         <attributes>RWIX</attributes>
         <usage_details>
         </usage_details>
      </memory_area>
      <memory_area>
         <name>INT06</name>
         <page_id>0x0</page_id>
         <origin>0xffec</origin>
         <length>0x2</length>
         <used_space>0x0</used_space>
         <unused_space>0x2</unused_space>
         <attributes>RWIX</attributes>
         <usage_details>
         </usage_details>
      </memory_area>
      <memory_area>
         <name>INT07</name>
         <page_id>0x0</page_id>
         <origin>0xffee</origin>
         <length>0x2</length>
         <used_space>0x0</used_space>
         <unused_space>0x2</unused_space>
         <attributes>RWIX</attributes>
         <usage_details>
         </usage_details>
      </memory_area>
      <memory_area>
         <name>INT08</name>
         <page_id>0x0</page_id>
         <origin>0xfff0</origin>
         <length>0x2</length>
         <used_space>0x0</used_space>
         <unused_space>0x2</unused_space>
         <attributes>RWIX</attributes>
         <usage_details>
         </usage_details>
      </memory_area>
      <memory_area>
         <name>INT09</name>
         <page_id>0x0</page_id>
         <origin>0xfff2</origin>
         <length>0x2</length>
         <used_space>0x0</used_space>
         <unused_space>0x2</unused_space>
         <attributes>RWIX</attributes>
         <usage_details>
         </usage_details>
      </memory_area>
      <memory_area>
         <name>INT10</name>
         <page_id>0x0</page_id>
         <origin>0xfff4</origin>
         <length>0x2</length>
         <used_space>0x0</used_space>
         <unused_space>0x2</unused_space>
         <attributes>RWIX</attributes>
         <usage_details>
         </usage_details>
      </memory_area>
      <memory_area>
         <name>INT11</name>
         <page_id>0x0</page_id>
         <origin>0xfff6</origin>
         <length>0x2</length>
         <used_space>0x0</used_space>
         <unused_space>0x2</unused_space>
         <attributes>RWIX</attributes>
         <usage_details>
         </usage_details>
      </memory_area>
      <memory_area>
         <name>INT12</name>
         <page_id>0x0</page_id>
         <origin>0xfff8</origin>
         <length>0x2</length>
         <used_space>0x0</used_space>
         <unused_space>0x2</unused_space>
         <attributes>RWIX</attributes>
         <usage_details>
         </usage_details>
      </memory_area>
      <memory_area>
         <name>INT13</name>
         <page_id>0x0</page_id>
         <origin>0xfffa</origin>
         <length>0x2</length>
         <used_space>0x0</used_space>
         <unused_space>0x2</unused_space>
         <attributes>RWIX</attributes>
         <usage_details>
         </usage_details>
      </memory_area>
      <memory_area>
         <name>INT14</name>
         <page_id>0x0</page_id>
         <origin>0xfffc</origin>
         <length>0x2</length>
         <used_space>0x0</used_space>
         <unused_space>0x2</unused_space>
         <attributes>RWIX</attributes>
         <usage_details>
         </usage_details>
      </memory_area>
      <memory_area>
         <name>RESET</name>
         <page_id>0x0</page_id>
         <origin>0xfffe</origin>
         <length>0x2</length>
         <used_space>0x2</used_space>
         <unused_space>0x0</unused_space>
         <attributes>RWIX</attributes>
         <usage_details>
            <allocated_space>
               <start_address>0xfffe</start_address>
               <size>0x2</size>
               <logical_group_ref idref="lg-2d"/>
            </allocated_space>
         </usage_details>
      </memory_area>
   </placement_map>
   <cptbl_list>
      <cptbl>
         <name>__TI_cinit_table</name>
         <cprec>
            <name>.data</name>
            <load_address>0xc1ec</load_address>
            <load_size>0x6</load_size>
            <run_address>0x200</run_address>
            <run_size>0x2</run_size>
            <compression>copy</compression>
         </cprec>
      </cptbl>
   </cptbl_list>
   <handler_table>
      <handler_table_name>__TI_handler_table</handler_table_name>
      <handler>
         <index>0x0</index>
         <name>__TI_decompress_rle24</name>
      </handler>
      <handler>
         <index>0x1</index>
         <name>__TI_decompress_none</name>
      </handler>
   </handler_table>
   <symbol_table>
      <symbol id="sm-1">
         <name>IE1</name>
         <value>0x0</value>
      </symbol>
      <symbol id="sm-2">
         <name>IFG1</name>
         <value>0x2</value>
      </symbol>
      <symbol id="sm-3">
         <name>IE2</name>
         <value>0x1</value>
      </symbol>
      <symbol id="sm-4">
         <name>IFG2</name>
         <value>0x3</value>
      </symbol>
      <symbol id="sm-5">
         <name>ADC10DTC0</name>
         <value>0x48</value>
      </symbol>
      <symbol id="sm-6">
         <name>ADC10DTC1</name>
         <value>0x49</value>
      </symbol>
      <symbol id="sm-7">
         <name>ADC10AE0</name>
         <value>0x4a</value>
      </symbol>
      <symbol id="sm-8">
         <name>ADC10CTL0</name>
         <value>0x1b0</value>
      </symbol>
      <symbol id="sm-9">
         <name>ADC10CTL1</name>
         <value>0x1b2</value>
      </symbol>
      <symbol id="sm-a">
         <name>ADC10MEM</name>
         <value>0x1b4</value>
      </symbol>
      <symbol id="sm-b">
         <name>ADC10SA</name>
         <value>0x1bc</value>
      </symbol>
      <symbol id="sm-c">
         <name>DCOCTL</name>
         <value>0x56</value>
      </symbol>
      <symbol id="sm-d">
         <name>BCSCTL1</name>
         <value>0x57</value>
      </symbol>
      <symbol id="sm-e">
         <name>BCSCTL2</name>
         <value>0x58</value>
      </symbol>
      <symbol id="sm-f">
         <name>BCSCTL3</name>
         <value>0x53</value>
      </symbol>
      <symbol id="sm-10">
         <name>CACTL1</name>
         <value>0x59</value>
      </symbol>
      <symbol id="sm-11">
         <name>CACTL2</name>
         <value>0x5a</value>
      </symbol>
      <symbol id="sm-12">
         <name>CAPD</name>
         <value>0x5b</value>
      </symbol>
      <symbol id="sm-13">
         <name>FCTL1</name>
         <value>0x128</value>
      </symbol>
      <symbol id="sm-14">
         <name>FCTL2</name>
         <value>0x12a</value>
      </symbol>
      <symbol id="sm-15">
         <name>FCTL3</name>
         <value>0x12c</value>
      </symbol>
      <symbol id="sm-16">
         <name>P1IN</name>
         <value>0x20</value>
      </symbol>
      <symbol id="sm-17">
         <name>P1OUT</name>
         <value>0x21</value>
      </symbol>
      <symbol id="sm-18">
         <name>P1DIR</name>
         <value>0x22</value>
      </symbol>
      <symbol id="sm-19">
         <name>P1IFG</name>
         <value>0x23</value>
      </symbol>
      <symbol id="sm-1a">
         <name>P1IES</name>
         <value>0x24</value>
      </symbol>
      <symbol id="sm-1b">
         <name>P1IE</name>
         <value>0x25</value>
      </symbol>
      <symbol id="sm-1c">
         <name>P1SEL</name>
         <value>0x26</value>
      </symbol>
      <symbol id="sm-1d">
         <name>P1SEL2</name>
         <value>0x41</value>
      </symbol>
      <symbol id="sm-1e">
         <name>P1REN</name>
         <value>0x27</value>
      </symbol>
      <symbol id="sm-1f">
         <name>P2IN</name>
         <value>0x28</value>
      </symbol>
      <symbol id="sm-20">
         <name>P2OUT</name>
         <value>0x29</value>
      </symbol>
      <symbol id="sm-21">
         <name>P2DIR</name>
         <value>0x2a</value>
      </symbol>
      <symbol id="sm-22">
         <name>P2IFG</name>
         <value>0x2b</value>
      </symbol>
      <symbol id="sm-23">
         <name>P2IES</name>
         <value>0x2c</value>
      </symbol>
      <symbol id="sm-24">
         <name>P2IE</name>
         <value>0x2d</value>
      </symbol>
      <symbol id="sm-25">
         <name>P2SEL</name>
         <value>0x2e</value>
      </symbol>
      <symbol id="sm-26">
         <name>P2SEL2</name>
         <value>0x42</value>
      </symbol>
      <symbol id="sm-27">
         <name>P2REN</name>
         <value>0x2f</value>
      </symbol>
      <symbol id="sm-28">
         <name>P3IN</name>
         <value>0x18</value>
      </symbol>
      <symbol id="sm-29">
         <name>P3OUT</name>
         <value>0x19</value>
      </symbol>
      <symbol id="sm-2a">
         <name>P3DIR</name>
         <value>0x1a</value>
      </symbol>
      <symbol id="sm-2b">
         <name>P3SEL</name>
         <value>0x1b</value>
      </symbol>
      <symbol id="sm-2c">
         <name>P3SEL2</name>
         <value>0x43</value>
      </symbol>
      <symbol id="sm-2d">
         <name>P3REN</name>
         <value>0x10</value>
      </symbol>
      <symbol id="sm-2e">
         <name>TA0IV</name>
         <value>0x12e</value>
      </symbol>
      <symbol id="sm-2f">
         <name>TA0CTL</name>
         <value>0x160</value>
      </symbol>
      <symbol id="sm-30">
         <name>TA0CCTL0</name>
         <value>0x162</value>
      </symbol>
      <symbol id="sm-31">
         <name>TA0CCTL1</name>
         <value>0x164</value>
      </symbol>
      <symbol id="sm-32">
         <name>TA0CCTL2</name>
         <value>0x166</value>
      </symbol>
      <symbol id="sm-33">
         <name>TA0R</name>
         <value>0x170</value>
      </symbol>
      <symbol id="sm-34">
         <name>TA0CCR0</name>
         <value>0x172</value>
      </symbol>
      <symbol id="sm-35">
         <name>TA0CCR1</name>
         <value>0x174</value>
      </symbol>
      <symbol id="sm-36">
         <name>TA0CCR2</name>
         <value>0x176</value>
      </symbol>
      <symbol id="sm-37">
         <name>TA1IV</name>
         <value>0x11e</value>
      </symbol>
      <symbol id="sm-38">
         <name>TA1CTL</name>
         <value>0x180</value>
      </symbol>
      <symbol id="sm-39">
         <name>TA1CCTL0</name>
         <value>0x182</value>
      </symbol>
      <symbol id="sm-3a">
         <name>TA1CCTL1</name>
         <value>0x184</value>
      </symbol>
      <symbol id="sm-3b">
         <name>TA1CCTL2</name>
         <value>0x186</value>
      </symbol>
      <symbol id="sm-3c">
         <name>TA1R</name>
         <value>0x190</value>
      </symbol>
      <symbol id="sm-3d">
         <name>TA1CCR0</name>
         <value>0x192</value>
      </symbol>
      <symbol id="sm-3e">
         <name>TA1CCR1</name>
         <value>0x194</value>
      </symbol>
      <symbol id="sm-3f">
         <name>TA1CCR2</name>
         <value>0x196</value>
      </symbol>
      <symbol id="sm-40">
         <name>UCA0CTL0</name>
         <value>0x60</value>
      </symbol>
      <symbol id="sm-41">
         <name>UCA0CTL1</name>
         <value>0x61</value>
      </symbol>
      <symbol id="sm-42">
         <name>UCA0BR0</name>
         <value>0x62</value>
      </symbol>
      <symbol id="sm-43">
         <name>UCA0BR1</name>
         <value>0x63</value>
      </symbol>
      <symbol id="sm-44">
         <name>UCA0MCTL</name>
         <value>0x64</value>
      </symbol>
      <symbol id="sm-45">
         <name>UCA0STAT</name>
         <value>0x65</value>
      </symbol>
      <symbol id="sm-46">
         <name>UCA0RXBUF</name>
         <value>0x66</value>
      </symbol>
      <symbol id="sm-47">
         <name>UCA0TXBUF</name>
         <value>0x67</value>
      </symbol>
      <symbol id="sm-48">
         <name>UCA0ABCTL</name>
         <value>0x5d</value>
      </symbol>
      <symbol id="sm-49">
         <name>UCA0IRTCTL</name>
         <value>0x5e</value>
      </symbol>
      <symbol id="sm-4a">
         <name>UCA0IRRCTL</name>
         <value>0x5f</value>
      </symbol>
      <symbol id="sm-4b">
         <name>UCB0CTL0</name>
         <value>0x68</value>
      </symbol>
      <symbol id="sm-4c">
         <name>UCB0CTL1</name>
         <value>0x69</value>
      </symbol>
      <symbol id="sm-4d">
         <name>UCB0BR0</name>
         <value>0x6a</value>
      </symbol>
      <symbol id="sm-4e">
         <name>UCB0BR1</name>
         <value>0x6b</value>
      </symbol>
      <symbol id="sm-4f">
         <name>UCB0I2CIE</name>
         <value>0x6c</value>
      </symbol>
      <symbol id="sm-50">
         <name>UCB0STAT</name>
         <value>0x6d</value>
      </symbol>
      <symbol id="sm-51">
         <name>UCB0RXBUF</name>
         <value>0x6e</value>
      </symbol>
      <symbol id="sm-52">
         <name>UCB0TXBUF</name>
         <value>0x6f</value>
      </symbol>
      <symbol id="sm-53">
         <name>UCB0I2COA</name>
         <value>0x118</value>
      </symbol>
      <symbol id="sm-54">
         <name>UCB0I2CSA</name>
         <value>0x11a</value>
      </symbol>
      <symbol id="sm-55">
         <name>WDTCTL</name>
         <value>0x120</value>
      </symbol>
      <symbol id="sm-56">
         <name>CALDCO_16MHZ</name>
         <value>0x10f8</value>
      </symbol>
      <symbol id="sm-57">
         <name>CALBC1_16MHZ</name>
         <value>0x10f9</value>
      </symbol>
      <symbol id="sm-58">
         <name>CALDCO_12MHZ</name>
         <value>0x10fa</value>
      </symbol>
      <symbol id="sm-59">
         <name>CALBC1_12MHZ</name>
         <value>0x10fb</value>
      </symbol>
      <symbol id="sm-5a">
         <name>CALDCO_8MHZ</name>
         <value>0x10fc</value>
      </symbol>
      <symbol id="sm-5b">
         <name>CALBC1_8MHZ</name>
         <value>0x10fd</value>
      </symbol>
      <symbol id="sm-5c">
         <name>CALDCO_1MHZ</name>
         <value>0x10fe</value>
      </symbol>
      <symbol id="sm-5d">
         <name>CALBC1_1MHZ</name>
         <value>0x10ff</value>
      </symbol>
      <symbol id="sm-5e">
         <name>__TI_CINIT_Base</name>
         <value>0xc1f6</value>
      </symbol>
      <symbol id="sm-5f">
         <name>__TI_CINIT_Limit</name>
         <value>0xc1fa</value>
      </symbol>
      <symbol id="sm-60">
         <name>__TI_Handler_Table_Base</name>
         <value>0xc1f2</value>
      </symbol>
      <symbol id="sm-61">
         <name>__TI_Handler_Table_Limit</name>
         <value>0xc1f6</value>
      </symbol>
      <symbol id="sm-62">
         <name>binit</name>
         <value>0xffffffff</value>
      </symbol>
      <symbol id="sm-63">
         <name>__binit__</name>
         <value>0xffffffff</value>
      </symbol>
      <symbol id="sm-64">
         <name>__STACK_SIZE</name>
         <value>0x50</value>
      </symbol>
      <symbol id="sm-65">
         <name>__STACK_END</name>
         <value>0x400</value>
      </symbol>
      <symbol id="sm-66">
         <name>__c_args__</name>
         <value>0xffffffff</value>
      </symbol>
      <symbol id="sm-b3">
         <name>speed</name>
         <value>0x200</value>
         <object_component_ref idref="oc-a2"/>
      </symbol>
      <symbol id="sm-b4">
         <name>main</name>
         <value>0xc000</value>
         <object_component_ref idref="oc-49"/>
      </symbol>
      <symbol id="sm-b5">
         <name>delay</name>
         <value>0xc1aa</value>
         <object_component_ref idref="oc-80"/>
      </symbol>
      <symbol id="sm-c7">
         <name>_c_int00_noexit</name>
         <value>0xc17e</value>
         <object_component_ref idref="oc-2e"/>
      </symbol>
      <symbol id="sm-c8">
         <name>_c_int00</name>
         <value>0xc17e</value>
         <object_component_ref idref="oc-2e"/>
      </symbol>
      <symbol id="sm-c9">
         <name>_stack</name>
         <value>0x3b0</value>
         <object_component_ref idref="oc-3f"/>
      </symbol>
      <symbol id="sm-ca">
         <name>_reset_vector</name>
         <value>0xfffe</value>
         <object_component_ref idref="oc-2f"/>
      </symbol>
      <symbol id="sm-de">
         <name>__TI_decompress_none</name>
         <value>0xc198</value>
         <object_component_ref idref="oc-33"/>
      </symbol>
      <symbol id="sm-106">
         <name>__TI_decompress_rle24</name>
         <value>0xc1de</value>
         <object_component_ref idref="oc-3b"/>
      </symbol>
      <symbol id="sm-10e">
         <name>__mspabi_func_epilog_2</name>
         <value>0xc1d8</value>
         <object_component_ref idref="oc-7b"/>
      </symbol>
      <symbol id="sm-10f">
         <name>__mspabi_func_epilog_3</name>
         <value>0xc1d6</value>
         <object_component_ref idref="oc-7b"/>
      </symbol>
      <symbol id="sm-110">
         <name>__mspabi_func_epilog_1</name>
         <value>0xc1da</value>
         <object_component_ref idref="oc-7b"/>
      </symbol>
      <symbol id="sm-111">
         <name>__mspabi_func_epilog_6</name>
         <value>0xc1d0</value>
         <object_component_ref idref="oc-7b"/>
      </symbol>
      <symbol id="sm-112">
         <name>__mspabi_func_epilog_7</name>
         <value>0xc1ce</value>
         <object_component_ref idref="oc-7b"/>
      </symbol>
      <symbol id="sm-113">
         <name>__mspabi_func_epilog_4</name>
         <value>0xc1d4</value>
         <object_component_ref idref="oc-7b"/>
      </symbol>
      <symbol id="sm-114">
         <name>__mspabi_func_epilog_5</name>
         <value>0xc1d2</value>
         <object_component_ref idref="oc-7b"/>
      </symbol>
      <symbol id="sm-11c">
         <name>C$$EXIT</name>
         <value>0xc1e8</value>
         <object_component_ref idref="oc-4e"/>
      </symbol>
      <symbol id="sm-11d">
         <name>abort</name>
         <value>0xc1e8</value>
         <object_component_ref idref="oc-4e"/>
      </symbol>
      <symbol id="sm-124">
         <name>__mspabi_slli</name>
         <value>0xc152</value>
         <object_component_ref idref="oc-85"/>
      </symbol>
      <symbol id="sm-125">
         <name>__mspabi_slli_9</name>
         <value>0xc16a</value>
         <object_component_ref idref="oc-85"/>
      </symbol>
      <symbol id="sm-126">
         <name>__mspabi_slli_8</name>
         <value>0xc16c</value>
         <object_component_ref idref="oc-85"/>
      </symbol>
      <symbol id="sm-127">
         <name>__mspabi_slli_7</name>
         <value>0xc16e</value>
         <object_component_ref idref="oc-85"/>
      </symbol>
      <symbol id="sm-128">
         <name>__mspabi_slli_6</name>
         <value>0xc170</value>
         <object_component_ref idref="oc-85"/>
      </symbol>
      <symbol id="sm-129">
         <name>__mspabi_slli_5</name>
         <value>0xc172</value>
         <object_component_ref idref="oc-85"/>
      </symbol>
      <symbol id="sm-12a">
         <name>__mspabi_slli_4</name>
         <value>0xc174</value>
         <object_component_ref idref="oc-85"/>
      </symbol>
      <symbol id="sm-12b">
         <name>__mspabi_slli_3</name>
         <value>0xc176</value>
         <object_component_ref idref="oc-85"/>
      </symbol>
      <symbol id="sm-12c">
         <name>__mspabi_slli_2</name>
         <value>0xc178</value>
         <object_component_ref idref="oc-85"/>
      </symbol>
      <symbol id="sm-12d">
         <name>__mspabi_slli_1</name>
         <value>0xc17a</value>
         <object_component_ref idref="oc-85"/>
      </symbol>
      <symbol id="sm-12e">
         <name>__mspabi_slli_15</name>
         <value>0xc15e</value>
         <object_component_ref idref="oc-85"/>
      </symbol>
      <symbol id="sm-12f">
         <name>__mspabi_slli_14</name>
         <value>0xc160</value>
         <object_component_ref idref="oc-85"/>
      </symbol>
      <symbol id="sm-130">
         <name>__mspabi_slli_13</name>
         <value>0xc162</value>
         <object_component_ref idref="oc-85"/>
      </symbol>
      <symbol id="sm-131">
         <name>__mspabi_slli_12</name>
         <value>0xc164</value>
         <object_component_ref idref="oc-85"/>
      </symbol>
      <symbol id="sm-132">
         <name>__mspabi_slli_11</name>
         <value>0xc166</value>
         <object_component_ref idref="oc-85"/>
      </symbol>
      <symbol id="sm-133">
         <name>__mspabi_slli_10</name>
         <value>0xc168</value>
         <object_component_ref idref="oc-85"/>
      </symbol>
      <symbol id="sm-144">
         <name>memcpy</name>
         <value>0xc1bc</value>
         <object_component_ref idref="oc-53"/>
      </symbol>
      <symbol id="sm-14b">
         <name>_system_pre_init</name>
         <value>0xc1e4</value>
         <object_component_ref idref="oc-41"/>
      </symbol>
      <symbol id="sm-159">
         <name>_auto_init</name>
         <value>0xc0f4</value>
         <object_component_ref idref="oc-45"/>
      </symbol>
      <symbol id="sm-15a">
         <name>__TI_exit</name>
         <value>0x1</value>
      </symbol>
      <symbol id="sm-15b">
         <name>__TI_args_main</name>
         <value>0x1</value>
      </symbol>
      <symbol id="sm-15c">
         <name>__TI_INITARRAY_Base</name>
         <value>0x0</value>
      </symbol>
      <symbol id="sm-15d">
         <name>__TI_INITARRAY_Limit</name>
         <value>0x0</value>
      </symbol>
   </symbol_table>
</link_info>
