<?xml version="1.0"?>
<link_info>
   <banner>MSP430 Linker PC v4.1.5</banner>
   <copyright>Copyright (c) 2003-2013 Texas Instruments Incorporated</copyright>
   <link_time>0x564315f1</link_time>
   <output_file>cjn_Lab8_c1.out</output_file>
   <entry_point>
      <name>_c_int00</name>
      <address>0xc1bc</address>
   </entry_point>
   <input_file_list>
      <input_file id="fl-2">
         <path>.\</path>
         <kind>object</kind>
         <file>cjn_Lab8_c1.obj</file>
         <name>cjn_Lab8_c1.obj</name>
      </input_file>
      <input_file id="fl-1c">
         <path>C:\ti\ccsv5\tools\compiler\msp430_4.1.5\lib\</path>
         <kind>archive</kind>
         <file>rts430_eabi.lib</file>
         <name>boot.obj</name>
      </input_file>
      <input_file id="fl-1d">
         <path>C:\ti\ccsv5\tools\compiler\msp430_4.1.5\lib\</path>
         <kind>archive</kind>
         <file>rts430_eabi.lib</file>
         <name>copy_decompress_none.obj</name>
      </input_file>
      <input_file id="fl-1e">
         <path>C:\ti\ccsv5\tools\compiler\msp430_4.1.5\lib\</path>
         <kind>archive</kind>
         <file>rts430_eabi.lib</file>
         <name>copy_decompress_rle.obj</name>
      </input_file>
      <input_file id="fl-1f">
         <path>C:\ti\ccsv5\tools\compiler\msp430_4.1.5\lib\</path>
         <kind>archive</kind>
         <file>rts430_eabi.lib</file>
         <name>copy_zero_init.obj</name>
      </input_file>
      <input_file id="fl-20">
         <path>C:\ti\ccsv5\tools\compiler\msp430_4.1.5\lib\</path>
         <kind>archive</kind>
         <file>rts430_eabi.lib</file>
         <name>epilog.obj</name>
      </input_file>
      <input_file id="fl-21">
         <path>C:\ti\ccsv5\tools\compiler\msp430_4.1.5\lib\</path>
         <kind>archive</kind>
         <file>rts430_eabi.lib</file>
         <name>exit.obj</name>
      </input_file>
      <input_file id="fl-22">
         <path>C:\ti\ccsv5\tools\compiler\msp430_4.1.5\lib\</path>
         <kind>archive</kind>
         <file>rts430_eabi.lib</file>
         <name>memcpy.obj</name>
      </input_file>
      <input_file id="fl-23">
         <path>C:\ti\ccsv5\tools\compiler\msp430_4.1.5\lib\</path>
         <kind>archive</kind>
         <file>rts430_eabi.lib</file>
         <name>pre_init.obj</name>
      </input_file>
      <input_file id="fl-24">
         <path>C:\ti\ccsv5\tools\compiler\msp430_4.1.5\lib\</path>
         <kind>archive</kind>
         <file>rts430_eabi.lib</file>
         <name>_lock.obj</name>
      </input_file>
      <input_file id="fl-25">
         <path>C:\ti\ccsv5\tools\compiler\msp430_4.1.5\lib\</path>
         <kind>archive</kind>
         <file>rts430_eabi.lib</file>
         <name>args_main.obj</name>
      </input_file>
      <input_file id="fl-26">
         <path>C:\ti\ccsv5\tools\compiler\msp430_4.1.5\lib\</path>
         <kind>archive</kind>
         <file>rts430_eabi.lib</file>
         <name>autoinit.obj</name>
      </input_file>
   </input_file_list>
   <object_component_list>
      <object_component id="oc-3f">
         <name>.stack</name>
         <uninitialized>true</uninitialized>
         <run_address>0x3b0</run_address>
         <size>0x2</size>
         <input_file_ref idref="fl-1c"/>
      </object_component>
      <object_component id="oc-e9">
         <name>.stack</name>
         <uninitialized>true</uninitialized>
         <run_address>0x3b0</run_address>
         <size>0x0</size>
      </object_component>
      <object_component id="oc-49">
         <name>.text:main</name>
         <load_address>0xc000</load_address>
         <run_address>0xc000</run_address>
         <size>0x124</size>
         <input_file_ref idref="fl-2"/>
      </object_component>
      <object_component id="oc-45">
         <name>.text:_auto_init</name>
         <load_address>0xc124</load_address>
         <run_address>0xc124</run_address>
         <size>0x5e</size>
         <input_file_ref idref="fl-26"/>
      </object_component>
      <object_component id="oc-82">
         <name>.text:SWtimer</name>
         <load_address>0xc182</load_address>
         <run_address>0xc182</run_address>
         <size>0x3a</size>
         <input_file_ref idref="fl-2"/>
      </object_component>
      <object_component id="oc-2e">
         <name>.text:_c_int00_noexit</name>
         <load_address>0xc1bc</load_address>
         <run_address>0xc1bc</run_address>
         <size>0x1a</size>
         <input_file_ref idref="fl-1c"/>
      </object_component>
      <object_component id="oc-37">
         <name>.text:decompress:ZI:__TI_zero_init</name>
         <load_address>0xc1d6</load_address>
         <run_address>0xc1d6</run_address>
         <size>0x14</size>
         <input_file_ref idref="fl-1f"/>
      </object_component>
      <object_component id="oc-7b">
         <name>.text</name>
         <load_address>0xc1ea</load_address>
         <run_address>0xc1ea</run_address>
         <size>0x10</size>
         <input_file_ref idref="fl-20"/>
      </object_component>
      <object_component id="oc-41">
         <name>.text:_system_pre_init</name>
         <load_address>0xc1fa</load_address>
         <run_address>0xc1fa</run_address>
         <size>0x4</size>
         <input_file_ref idref="fl-23"/>
      </object_component>
      <object_component id="oc-4e">
         <name>.text:abort</name>
         <load_address>0xc1fe</load_address>
         <run_address>0xc1fe</run_address>
         <size>0x4</size>
         <input_file_ref idref="fl-21"/>
      </object_component>
      <object_component id="oc-e8">
         <name>.cinit..bss.load</name>
         <load_address>0xc202</load_address>
         <run_address>0xc202</run_address>
         <size>0x4</size>
      </object_component>
      <object_component id="oc-e6">
         <name>__TI_handler_table</name>
         <load_address>0xc206</load_address>
         <run_address>0xc206</run_address>
         <size>0x2</size>
      </object_component>
      <object_component id="oc-e7">
         <name>__TI_cinit_table</name>
         <load_address>0xc208</load_address>
         <run_address>0xc208</run_address>
         <size>0x4</size>
      </object_component>
      <object_component id="oc-2f">
         <name>.reset</name>
         <load_address>0xfffe</load_address>
         <run_address>0xfffe</run_address>
         <size>0x2</size>
         <input_file_ref idref="fl-1c"/>
      </object_component>
      <object_component id="oc-80">
         <name>.bss</name>
         <uninitialized>true</uninitialized>
         <run_address>0x200</run_address>
         <size>0x12</size>
         <input_file_ref idref="fl-2"/>
      </object_component>
      <object_component id="oc-30">
         <name>.debug_info</name>
         <load_address>0x0</load_address>
         <run_address>0x0</run_address>
         <size>0x129</size>
         <input_file_ref idref="fl-1c"/>
      </object_component>
      <object_component id="oc-38">
         <name>.debug_info</name>
         <load_address>0x129</load_address>
         <run_address>0x129</run_address>
         <size>0x193</size>
         <input_file_ref idref="fl-1f"/>
      </object_component>
      <object_component id="oc-40">
         <name>.debug_info</name>
         <load_address>0x2bc</load_address>
         <run_address>0x2bc</run_address>
         <size>0xaa</size>
         <input_file_ref idref="fl-1c"/>
      </object_component>
      <object_component id="oc-42">
         <name>.debug_info</name>
         <load_address>0x366</load_address>
         <run_address>0x366</run_address>
         <size>0x101</size>
         <input_file_ref idref="fl-23"/>
      </object_component>
      <object_component id="oc-46">
         <name>.debug_info</name>
         <load_address>0x467</load_address>
         <run_address>0x467</run_address>
         <size>0x1aa</size>
         <input_file_ref idref="fl-26"/>
      </object_component>
      <object_component id="oc-4a">
         <name>.debug_info</name>
         <load_address>0x611</load_address>
         <run_address>0x611</run_address>
         <size>0x2c4</size>
         <input_file_ref idref="fl-2"/>
      </object_component>
      <object_component id="oc-4f">
         <name>.debug_info</name>
         <load_address>0x8d5</load_address>
         <run_address>0x8d5</run_address>
         <size>0x121</size>
         <input_file_ref idref="fl-21"/>
      </object_component>
      <object_component id="oc-5e">
         <name>.debug_info</name>
         <load_address>0x9f6</load_address>
         <run_address>0x9f6</run_address>
         <size>0x46</size>
         <input_file_ref idref="fl-1f"/>
      </object_component>
      <object_component id="oc-70">
         <name>.debug_info</name>
         <load_address>0xa3c</load_address>
         <run_address>0xa3c</run_address>
         <size>0x89</size>
         <input_file_ref idref="fl-1c"/>
      </object_component>
      <object_component id="oc-76">
         <name>.debug_info</name>
         <load_address>0xac5</load_address>
         <run_address>0xac5</run_address>
         <size>0x84</size>
         <input_file_ref idref="fl-1e"/>
      </object_component>
      <object_component id="oc-7c">
         <name>.debug_info</name>
         <load_address>0xb49</load_address>
         <run_address>0xb49</run_address>
         <size>0xe2</size>
         <input_file_ref idref="fl-20"/>
      </object_component>
      <object_component id="oc-81">
         <name>.debug_info</name>
         <load_address>0xc2b</load_address>
         <run_address>0xc2b</run_address>
         <size>0x106</size>
         <input_file_ref idref="fl-2"/>
      </object_component>
      <object_component id="oc-83">
         <name>.debug_info</name>
         <load_address>0xd31</load_address>
         <run_address>0xd31</run_address>
         <size>0x243</size>
         <input_file_ref idref="fl-2"/>
      </object_component>
      <object_component id="oc-88">
         <name>.debug_info</name>
         <load_address>0xf74</load_address>
         <run_address>0xf74</run_address>
         <size>0x84</size>
         <input_file_ref idref="fl-2"/>
      </object_component>
      <object_component id="oc-90">
         <name>.debug_info</name>
         <load_address>0xff8</load_address>
         <run_address>0xff8</run_address>
         <size>0x2c</size>
         <input_file_ref idref="fl-1e"/>
      </object_component>
      <object_component id="oc-9b">
         <name>.debug_info</name>
         <load_address>0x1024</load_address>
         <run_address>0x1024</run_address>
         <size>0x11a</size>
         <input_file_ref idref="fl-1f"/>
      </object_component>
      <object_component id="oc-a2">
         <name>.debug_info</name>
         <load_address>0x113e</load_address>
         <run_address>0x113e</run_address>
         <size>0x226</size>
         <input_file_ref idref="fl-2"/>
      </object_component>
      <object_component id="oc-ea">
         <name>.debug_info</name>
         <load_address>0x1364</load_address>
         <run_address>0x1364</run_address>
         <size>0x9f</size>
      </object_component>
      <object_component id="oc-31">
         <name>.debug_line</name>
         <load_address>0x0</load_address>
         <run_address>0x0</run_address>
         <size>0x3b</size>
         <input_file_ref idref="fl-1c"/>
      </object_component>
      <object_component id="oc-39">
         <name>.debug_line</name>
         <load_address>0x3b</load_address>
         <run_address>0x3b</run_address>
         <size>0x4a</size>
         <input_file_ref idref="fl-1f"/>
      </object_component>
      <object_component id="oc-43">
         <name>.debug_line</name>
         <load_address>0x85</load_address>
         <run_address>0x85</run_address>
         <size>0x3c</size>
         <input_file_ref idref="fl-23"/>
      </object_component>
      <object_component id="oc-47">
         <name>.debug_line</name>
         <load_address>0xc1</load_address>
         <run_address>0xc1</run_address>
         <size>0x4e</size>
         <input_file_ref idref="fl-26"/>
      </object_component>
      <object_component id="oc-4b">
         <name>.debug_line</name>
         <load_address>0x10f</load_address>
         <run_address>0x10f</run_address>
         <size>0xa7</size>
         <input_file_ref idref="fl-2"/>
      </object_component>
      <object_component id="oc-50">
         <name>.debug_line</name>
         <load_address>0x1b6</load_address>
         <run_address>0x1b6</run_address>
         <size>0x38</size>
         <input_file_ref idref="fl-21"/>
      </object_component>
      <object_component id="oc-60">
         <name>.debug_line</name>
         <load_address>0x1ee</load_address>
         <run_address>0x1ee</run_address>
         <size>0x34</size>
         <input_file_ref idref="fl-1f"/>
      </object_component>
      <object_component id="oc-6f">
         <name>.debug_line</name>
         <load_address>0x222</load_address>
         <run_address>0x222</run_address>
         <size>0x2a</size>
         <input_file_ref idref="fl-1c"/>
      </object_component>
      <object_component id="oc-72">
         <name>.debug_line</name>
         <load_address>0x24c</load_address>
         <run_address>0x24c</run_address>
         <size>0x20</size>
         <input_file_ref idref="fl-1c"/>
      </object_component>
      <object_component id="oc-78">
         <name>.debug_line</name>
         <load_address>0x26c</load_address>
         <run_address>0x26c</run_address>
         <size>0x20</size>
         <input_file_ref idref="fl-1e"/>
      </object_component>
      <object_component id="oc-7d">
         <name>.debug_line</name>
         <load_address>0x28c</load_address>
         <run_address>0x28c</run_address>
         <size>0x40</size>
         <input_file_ref idref="fl-20"/>
      </object_component>
      <object_component id="oc-84">
         <name>.debug_line</name>
         <load_address>0x2cc</load_address>
         <run_address>0x2cc</run_address>
         <size>0x5f</size>
         <input_file_ref idref="fl-2"/>
      </object_component>
      <object_component id="oc-8a">
         <name>.debug_line</name>
         <load_address>0x32b</load_address>
         <run_address>0x32b</run_address>
         <size>0x20</size>
         <input_file_ref idref="fl-2"/>
      </object_component>
      <object_component id="oc-92">
         <name>.debug_line</name>
         <load_address>0x34b</load_address>
         <run_address>0x34b</run_address>
         <size>0x44</size>
         <input_file_ref idref="fl-1e"/>
      </object_component>
      <object_component id="oc-a1">
         <name>.debug_line</name>
         <load_address>0x38f</load_address>
         <run_address>0x38f</run_address>
         <size>0x34</size>
         <input_file_ref idref="fl-2"/>
      </object_component>
      <object_component id="oc-ae">
         <name>.debug_line</name>
         <load_address>0x3c3</load_address>
         <run_address>0x3c3</run_address>
         <size>0x20</size>
         <input_file_ref idref="fl-1f"/>
      </object_component>
      <object_component id="oc-b0">
         <name>.debug_line</name>
         <load_address>0x3e3</load_address>
         <run_address>0x3e3</run_address>
         <size>0x55</size>
         <input_file_ref idref="fl-2"/>
      </object_component>
      <object_component id="oc-32">
         <name>.debug_aranges</name>
         <load_address>0x0</load_address>
         <run_address>0x0</run_address>
         <size>0x20</size>
         <input_file_ref idref="fl-1c"/>
      </object_component>
      <object_component id="oc-3a">
         <name>.debug_aranges</name>
         <load_address>0x20</load_address>
         <run_address>0x20</run_address>
         <size>0x20</size>
         <input_file_ref idref="fl-1f"/>
      </object_component>
      <object_component id="oc-44">
         <name>.debug_aranges</name>
         <load_address>0x40</load_address>
         <run_address>0x40</run_address>
         <size>0x20</size>
         <input_file_ref idref="fl-23"/>
      </object_component>
      <object_component id="oc-48">
         <name>.debug_aranges</name>
         <load_address>0x60</load_address>
         <run_address>0x60</run_address>
         <size>0x20</size>
         <input_file_ref idref="fl-26"/>
      </object_component>
      <object_component id="oc-4d">
         <name>.debug_aranges</name>
         <load_address>0x80</load_address>
         <run_address>0x80</run_address>
         <size>0x20</size>
         <input_file_ref idref="fl-2"/>
      </object_component>
      <object_component id="oc-51">
         <name>.debug_aranges</name>
         <load_address>0xa0</load_address>
         <run_address>0xa0</run_address>
         <size>0x20</size>
         <input_file_ref idref="fl-21"/>
      </object_component>
      <object_component id="oc-7e">
         <name>.debug_aranges</name>
         <load_address>0xc0</load_address>
         <run_address>0xc0</run_address>
         <size>0x20</size>
         <input_file_ref idref="fl-20"/>
      </object_component>
      <object_component id="oc-86">
         <name>.debug_aranges</name>
         <load_address>0xe0</load_address>
         <run_address>0xe0</run_address>
         <size>0x20</size>
         <input_file_ref idref="fl-2"/>
      </object_component>
      <object_component id="oc-4c">
         <name>.debug_frame</name>
         <load_address>0x0</load_address>
         <run_address>0x0</run_address>
         <size>0x48</size>
         <input_file_ref idref="fl-2"/>
      </object_component>
      <object_component id="oc-85">
         <name>.debug_frame</name>
         <load_address>0x48</load_address>
         <run_address>0x48</run_address>
         <size>0x4d</size>
         <input_file_ref idref="fl-2"/>
      </object_component>
      <object_component id="oc-52">
         <name>.debug_abbrev</name>
         <load_address>0x0</load_address>
         <run_address>0x0</run_address>
         <size>0x5d</size>
         <input_file_ref idref="fl-1c"/>
      </object_component>
      <object_component id="oc-5d">
         <name>.debug_abbrev</name>
         <load_address>0x5d</load_address>
         <run_address>0x5d</run_address>
         <size>0x85</size>
         <input_file_ref idref="fl-1f"/>
      </object_component>
      <object_component id="oc-5f">
         <name>.debug_abbrev</name>
         <load_address>0xe2</load_address>
         <run_address>0xe2</run_address>
         <size>0x24</size>
         <input_file_ref idref="fl-1f"/>
      </object_component>
      <object_component id="oc-6e">
         <name>.debug_abbrev</name>
         <load_address>0x106</load_address>
         <run_address>0x106</run_address>
         <size>0x29</size>
         <input_file_ref idref="fl-1c"/>
      </object_component>
      <object_component id="oc-71">
         <name>.debug_abbrev</name>
         <load_address>0x12f</load_address>
         <run_address>0x12f</run_address>
         <size>0x23</size>
         <input_file_ref idref="fl-1c"/>
      </object_component>
      <object_component id="oc-75">
         <name>.debug_abbrev</name>
         <load_address>0x152</load_address>
         <run_address>0x152</run_address>
         <size>0x5a</size>
         <input_file_ref idref="fl-23"/>
      </object_component>
      <object_component id="oc-77">
         <name>.debug_abbrev</name>
         <load_address>0x1ac</load_address>
         <run_address>0x1ac</run_address>
         <size>0x1c</size>
         <input_file_ref idref="fl-1e"/>
      </object_component>
      <object_component id="oc-7f">
         <name>.debug_abbrev</name>
         <load_address>0x1c8</load_address>
         <run_address>0x1c8</run_address>
         <size>0x7a</size>
         <input_file_ref idref="fl-26"/>
      </object_component>
      <object_component id="oc-87">
         <name>.debug_abbrev</name>
         <load_address>0x242</load_address>
         <run_address>0x242</run_address>
         <size>0x73</size>
         <input_file_ref idref="fl-2"/>
      </object_component>
      <object_component id="oc-89">
         <name>.debug_abbrev</name>
         <load_address>0x2b5</load_address>
         <run_address>0x2b5</run_address>
         <size>0x1c</size>
         <input_file_ref idref="fl-2"/>
      </object_component>
      <object_component id="oc-8d">
         <name>.debug_abbrev</name>
         <load_address>0x2d1</load_address>
         <run_address>0x2d1</run_address>
         <size>0x6b</size>
         <input_file_ref idref="fl-21"/>
      </object_component>
      <object_component id="oc-91">
         <name>.debug_abbrev</name>
         <load_address>0x33c</load_address>
         <run_address>0x33c</run_address>
         <size>0x24</size>
         <input_file_ref idref="fl-1e"/>
      </object_component>
      <object_component id="oc-9f">
         <name>.debug_abbrev</name>
         <load_address>0x360</load_address>
         <run_address>0x360</run_address>
         <size>0x3c</size>
         <input_file_ref idref="fl-20"/>
      </object_component>
      <object_component id="oc-a0">
         <name>.debug_abbrev</name>
         <load_address>0x39c</load_address>
         <run_address>0x39c</run_address>
         <size>0x29</size>
         <input_file_ref idref="fl-2"/>
      </object_component>
      <object_component id="oc-a3">
         <name>.debug_abbrev</name>
         <load_address>0x3c5</load_address>
         <run_address>0x3c5</run_address>
         <size>0x8b</size>
         <input_file_ref idref="fl-2"/>
      </object_component>
      <object_component id="oc-ad">
         <name>.debug_abbrev</name>
         <load_address>0x450</load_address>
         <run_address>0x450</run_address>
         <size>0x37</size>
         <input_file_ref idref="fl-1f"/>
      </object_component>
      <object_component id="oc-af">
         <name>.debug_abbrev</name>
         <load_address>0x487</load_address>
         <run_address>0x487</run_address>
         <size>0x4f</size>
         <input_file_ref idref="fl-2"/>
      </object_component>
      <object_component id="oc-eb">
         <name>.debug_abbrev</name>
         <load_address>0x4d6</load_address>
         <run_address>0x4d6</run_address>
         <size>0xf</size>
      </object_component>
      <object_component id="oc-61">
         <name>.debug_str</name>
         <load_address>0x0</load_address>
         <run_address>0x0</run_address>
         <size>0xad</size>
         <input_file_ref idref="fl-1f"/>
      </object_component>
      <object_component id="oc-73">
         <name>.debug_str</name>
         <load_address>0xad</load_address>
         <run_address>0xad</run_address>
         <size>0x10f</size>
         <input_file_ref idref="fl-1c"/>
      </object_component>
      <object_component id="oc-79">
         <name>.debug_str</name>
         <load_address>0x1bc</load_address>
         <run_address>0x1bc</run_address>
         <size>0x10a</size>
         <input_file_ref idref="fl-1e"/>
      </object_component>
      <object_component id="oc-8b">
         <name>.debug_str</name>
         <load_address>0x2c6</load_address>
         <run_address>0x2c6</run_address>
         <size>0x122</size>
         <input_file_ref idref="fl-2"/>
      </object_component>
      <object_component id="oc-93">
         <name>.debug_str</name>
         <load_address>0x3e8</load_address>
         <run_address>0x3e8</run_address>
         <size>0x9c</size>
         <input_file_ref idref="fl-1e"/>
      </object_component>
      <object_component id="oc-62">
         <name>.debug_pubtypes</name>
         <load_address>0x0</load_address>
         <run_address>0x0</run_address>
         <size>0x46</size>
         <input_file_ref idref="fl-1f"/>
      </object_component>
      <object_component id="oc-74">
         <name>.debug_pubtypes</name>
         <load_address>0x46</load_address>
         <run_address>0x46</run_address>
         <size>0xed</size>
         <input_file_ref idref="fl-1c"/>
      </object_component>
      <object_component id="oc-7a">
         <name>.debug_pubtypes</name>
         <load_address>0x133</load_address>
         <run_address>0x133</run_address>
         <size>0xe4</size>
         <input_file_ref idref="fl-1e"/>
      </object_component>
      <object_component id="oc-8c">
         <name>.debug_pubtypes</name>
         <load_address>0x217</load_address>
         <run_address>0x217</run_address>
         <size>0xe4</size>
         <input_file_ref idref="fl-2"/>
      </object_component>
      <object_component id="oc-94">
         <name>.debug_pubtypes</name>
         <load_address>0x2fb</load_address>
         <run_address>0x2fb</run_address>
         <size>0x1d</size>
         <input_file_ref idref="fl-1e"/>
      </object_component>
   </object_component_list>
   <logical_group_list>
      <logical_group id="lg-4">
         <name>.sysmem</name>
         <run_address>0x0</run_address>
         <size>0x0</size>
         <contents>
         </contents>
      </logical_group>
      <logical_group id="lg-5">
         <name>.stack</name>
         <run_address>0x3b0</run_address>
         <size>0x50</size>
         <contents>
            <object_component_ref idref="oc-3f"/>
            <object_component_ref idref="oc-e9"/>
         </contents>
      </logical_group>
      <logical_group id="lg-6">
         <name>.text</name>
         <load_address>0xc000</load_address>
         <run_address>0xc000</run_address>
         <size>0x202</size>
         <contents>
            <object_component_ref idref="oc-49"/>
            <object_component_ref idref="oc-45"/>
            <object_component_ref idref="oc-82"/>
            <object_component_ref idref="oc-2e"/>
            <object_component_ref idref="oc-37"/>
            <object_component_ref idref="oc-7b"/>
            <object_component_ref idref="oc-41"/>
            <object_component_ref idref="oc-4e"/>
         </contents>
      </logical_group>
      <logical_group id="lg-7">
         <name>.cinit</name>
         <load_address>0xc202</load_address>
         <run_address>0xc202</run_address>
         <size>0xa</size>
         <contents>
            <object_component_ref idref="oc-e8"/>
            <object_component_ref idref="oc-e6"/>
            <object_component_ref idref="oc-e7"/>
         </contents>
      </logical_group>
      <logical_group id="lg-8">
         <name>.const</name>
         <run_address>0x0</run_address>
         <size>0x0</size>
         <contents>
         </contents>
      </logical_group>
      <logical_group id="lg-9">
         <name>.cio</name>
         <run_address>0x0</run_address>
         <size>0x0</size>
         <contents>
         </contents>
      </logical_group>
      <logical_group id="lg-a">
         <name>.pinit</name>
         <run_address>0x0</run_address>
         <size>0x0</size>
         <contents>
         </contents>
      </logical_group>
      <logical_group id="lg-b">
         <name>.init_array</name>
         <run_address>0x0</run_address>
         <size>0x0</size>
         <contents>
         </contents>
      </logical_group>
      <logical_group id="lg-c">
         <name>.mspabi.exidx</name>
         <run_address>0x0</run_address>
         <size>0x0</size>
         <contents>
         </contents>
      </logical_group>
      <logical_group id="lg-d">
         <name>.mspabi.extab</name>
         <run_address>0x0</run_address>
         <size>0x0</size>
         <contents>
         </contents>
      </logical_group>
      <logical_group id="lg-e">
         <name>.infoA</name>
         <run_address>0x0</run_address>
         <size>0x0</size>
         <contents>
         </contents>
      </logical_group>
      <logical_group id="lg-f">
         <name>.infoB</name>
         <run_address>0x0</run_address>
         <size>0x0</size>
         <contents>
         </contents>
      </logical_group>
      <logical_group id="lg-10">
         <name>.infoC</name>
         <run_address>0x0</run_address>
         <size>0x0</size>
         <contents>
         </contents>
      </logical_group>
      <logical_group id="lg-11">
         <name>.infoD</name>
         <run_address>0x0</run_address>
         <size>0x0</size>
         <contents>
         </contents>
      </logical_group>
      <logical_group id="lg-12">
         <name>.int00</name>
         <run_address>0x0</run_address>
         <size>0x0</size>
         <contents>
         </contents>
      </logical_group>
      <logical_group id="lg-13">
         <name>.int01</name>
         <run_address>0x0</run_address>
         <size>0x0</size>
         <contents>
         </contents>
      </logical_group>
      <logical_group id="lg-14">
         <name>PORT1</name>
         <run_address>0x0</run_address>
         <size>0x0</size>
         <contents>
         </contents>
      </logical_group>
      <logical_group id="lg-16">
         <name>PORT2</name>
         <run_address>0x0</run_address>
         <size>0x0</size>
         <contents>
         </contents>
      </logical_group>
      <logical_group id="lg-18">
         <name>.int04</name>
         <run_address>0x0</run_address>
         <size>0x0</size>
         <contents>
         </contents>
      </logical_group>
      <logical_group id="lg-19">
         <name>ADC10</name>
         <run_address>0x0</run_address>
         <size>0x0</size>
         <contents>
         </contents>
      </logical_group>
      <logical_group id="lg-1b">
         <name>USCIAB0TX</name>
         <run_address>0x0</run_address>
         <size>0x0</size>
         <contents>
         </contents>
      </logical_group>
      <logical_group id="lg-1d">
         <name>USCIAB0RX</name>
         <run_address>0x0</run_address>
         <size>0x0</size>
         <contents>
         </contents>
      </logical_group>
      <logical_group id="lg-1f">
         <name>TIMER0_A1</name>
         <run_address>0x0</run_address>
         <size>0x0</size>
         <contents>
         </contents>
      </logical_group>
      <logical_group id="lg-21">
         <name>TIMER0_A0</name>
         <run_address>0x0</run_address>
         <size>0x0</size>
         <contents>
         </contents>
      </logical_group>
      <logical_group id="lg-23">
         <name>WDT</name>
         <run_address>0x0</run_address>
         <size>0x0</size>
         <contents>
         </contents>
      </logical_group>
      <logical_group id="lg-25">
         <name>COMPARATORA</name>
         <run_address>0x0</run_address>
         <size>0x0</size>
         <contents>
         </contents>
      </logical_group>
      <logical_group id="lg-27">
         <name>TIMER1_A1</name>
         <run_address>0x0</run_address>
         <size>0x0</size>
         <contents>
         </contents>
      </logical_group>
      <logical_group id="lg-29">
         <name>TIMER1_A0</name>
         <run_address>0x0</run_address>
         <size>0x0</size>
         <contents>
         </contents>
      </logical_group>
      <logical_group id="lg-2b">
         <name>NMI</name>
         <run_address>0x0</run_address>
         <size>0x0</size>
         <contents>
         </contents>
      </logical_group>
      <logical_group id="lg-2d">
         <name>.reset</name>
         <load_address>0xfffe</load_address>
         <run_address>0xfffe</run_address>
         <size>0x2</size>
         <contents>
            <object_component_ref idref="oc-2f"/>
         </contents>
      </logical_group>
      <logical_group id="lg-b2">
         <name>.TI.noinit</name>
         <run_address>0x200</run_address>
         <size>0x0</size>
         <contents>
         </contents>
      </logical_group>
      <logical_group id="lg-2">
         <name>.bss</name>
         <run_address>0x200</run_address>
         <size>0x12</size>
         <contents>
            <object_component_ref idref="oc-80"/>
         </contents>
      </logical_group>
      <logical_group id="lg-b1">
         <name>BSS_GROUP</name>
         <run_address>0x200</run_address>
         <size>0x12</size>
         <contents>
            <logical_group_ref idref="lg-b2"/>
            <logical_group_ref idref="lg-2"/>
         </contents>
      </logical_group>
      <logical_group id="lg-b4">
         <name>.TI.persistent</name>
         <run_address>0x0</run_address>
         <size>0x0</size>
         <contents>
         </contents>
      </logical_group>
      <logical_group id="lg-3">
         <name>.data</name>
         <run_address>0x0</run_address>
         <size>0x0</size>
         <contents>
         </contents>
      </logical_group>
      <logical_group id="lg-b3">
         <name>DATA_GROUP</name>
         <run_address>0x0</run_address>
         <size>0x0</size>
         <contents>
            <logical_group_ref idref="lg-b4"/>
            <logical_group_ref idref="lg-3"/>
         </contents>
      </logical_group>
      <logical_group id="lg-d8">
         <name>.debug_info</name>
         <load_address>0x0</load_address>
         <run_address>0x0</run_address>
         <size>0x1403</size>
         <contents>
            <object_component_ref idref="oc-30"/>
            <object_component_ref idref="oc-38"/>
            <object_component_ref idref="oc-40"/>
            <object_component_ref idref="oc-42"/>
            <object_component_ref idref="oc-46"/>
            <object_component_ref idref="oc-4a"/>
            <object_component_ref idref="oc-4f"/>
            <object_component_ref idref="oc-5e"/>
            <object_component_ref idref="oc-70"/>
            <object_component_ref idref="oc-76"/>
            <object_component_ref idref="oc-7c"/>
            <object_component_ref idref="oc-81"/>
            <object_component_ref idref="oc-83"/>
            <object_component_ref idref="oc-88"/>
            <object_component_ref idref="oc-90"/>
            <object_component_ref idref="oc-9b"/>
            <object_component_ref idref="oc-a2"/>
            <object_component_ref idref="oc-ea"/>
         </contents>
      </logical_group>
      <logical_group id="lg-da">
         <name>.debug_line</name>
         <load_address>0x0</load_address>
         <run_address>0x0</run_address>
         <size>0x438</size>
         <contents>
            <object_component_ref idref="oc-31"/>
            <object_component_ref idref="oc-39"/>
            <object_component_ref idref="oc-43"/>
            <object_component_ref idref="oc-47"/>
            <object_component_ref idref="oc-4b"/>
            <object_component_ref idref="oc-50"/>
            <object_component_ref idref="oc-60"/>
            <object_component_ref idref="oc-6f"/>
            <object_component_ref idref="oc-72"/>
            <object_component_ref idref="oc-78"/>
            <object_component_ref idref="oc-7d"/>
            <object_component_ref idref="oc-84"/>
            <object_component_ref idref="oc-8a"/>
            <object_component_ref idref="oc-92"/>
            <object_component_ref idref="oc-a1"/>
            <object_component_ref idref="oc-ae"/>
            <object_component_ref idref="oc-b0"/>
         </contents>
      </logical_group>
      <logical_group id="lg-dc">
         <name>.debug_aranges</name>
         <load_address>0x0</load_address>
         <run_address>0x0</run_address>
         <size>0x100</size>
         <contents>
            <object_component_ref idref="oc-32"/>
            <object_component_ref idref="oc-3a"/>
            <object_component_ref idref="oc-44"/>
            <object_component_ref idref="oc-48"/>
            <object_component_ref idref="oc-4d"/>
            <object_component_ref idref="oc-51"/>
            <object_component_ref idref="oc-7e"/>
            <object_component_ref idref="oc-86"/>
         </contents>
      </logical_group>
      <logical_group id="lg-de">
         <name>.debug_frame</name>
         <load_address>0x0</load_address>
         <run_address>0x0</run_address>
         <size>0x95</size>
         <contents>
            <object_component_ref idref="oc-4c"/>
            <object_component_ref idref="oc-85"/>
         </contents>
      </logical_group>
      <logical_group id="lg-e0">
         <name>.debug_abbrev</name>
         <load_address>0x0</load_address>
         <run_address>0x0</run_address>
         <size>0x4e5</size>
         <contents>
            <object_component_ref idref="oc-52"/>
            <object_component_ref idref="oc-5d"/>
            <object_component_ref idref="oc-5f"/>
            <object_component_ref idref="oc-6e"/>
            <object_component_ref idref="oc-71"/>
            <object_component_ref idref="oc-75"/>
            <object_component_ref idref="oc-77"/>
            <object_component_ref idref="oc-7f"/>
            <object_component_ref idref="oc-87"/>
            <object_component_ref idref="oc-89"/>
            <object_component_ref idref="oc-8d"/>
            <object_component_ref idref="oc-91"/>
            <object_component_ref idref="oc-9f"/>
            <object_component_ref idref="oc-a0"/>
            <object_component_ref idref="oc-a3"/>
            <object_component_ref idref="oc-ad"/>
            <object_component_ref idref="oc-af"/>
            <object_component_ref idref="oc-eb"/>
         </contents>
      </logical_group>
      <logical_group id="lg-e2">
         <name>.debug_str</name>
         <load_address>0x0</load_address>
         <run_address>0x0</run_address>
         <size>0x484</size>
         <contents>
            <object_component_ref idref="oc-61"/>
            <object_component_ref idref="oc-73"/>
            <object_component_ref idref="oc-79"/>
            <object_component_ref idref="oc-8b"/>
            <object_component_ref idref="oc-93"/>
         </contents>
      </logical_group>
      <logical_group id="lg-e4">
         <name>.debug_pubtypes</name>
         <load_address>0x0</load_address>
         <run_address>0x0</run_address>
         <size>0x318</size>
         <contents>
            <object_component_ref idref="oc-62"/>
            <object_component_ref idref="oc-74"/>
            <object_component_ref idref="oc-7a"/>
            <object_component_ref idref="oc-8c"/>
            <object_component_ref idref="oc-94"/>
         </contents>
      </logical_group>
      <load_segment id="lg-ec">
         <name>SEGMENT_0</name>
         <run_address>0x200</run_address>
         <size>0x12</size>
         <flags>0x6</flags>
         <contents>
            <logical_group_ref idref="lg-2"/>
         </contents>
      </load_segment>
      <load_segment id="lg-ed">
         <name>SEGMENT_1</name>
         <run_address>0x3b0</run_address>
         <size>0x50</size>
         <flags>0x6</flags>
         <contents>
            <logical_group_ref idref="lg-5"/>
         </contents>
      </load_segment>
      <load_segment id="lg-ee">
         <name>SEGMENT_2</name>
         <load_address>0xc000</load_address>
         <run_address>0xc000</run_address>
         <size>0x20c</size>
         <flags>0x5</flags>
         <contents>
            <logical_group_ref idref="lg-6"/>
            <logical_group_ref idref="lg-7"/>
         </contents>
      </load_segment>
      <load_segment id="lg-ef">
         <name>SEGMENT_3</name>
         <load_address>0xfffe</load_address>
         <run_address>0xfffe</run_address>
         <size>0x2</size>
         <flags>0x4</flags>
         <contents>
            <logical_group_ref idref="lg-2d"/>
         </contents>
      </load_segment>
   </logical_group_list>
   <placement_map>
      <memory_area>
         <name>SFR</name>
         <page_id>0x0</page_id>
         <origin>0x0</origin>
         <length>0x10</length>
         <used_space>0x0</used_space>
         <unused_space>0x10</unused_space>
         <attributes>RWIX</attributes>
         <usage_details>
         </usage_details>
      </memory_area>
      <memory_area>
         <name>PERIPHERALS_8BIT</name>
         <page_id>0x0</page_id>
         <origin>0x10</origin>
         <length>0xf0</length>
         <used_space>0x0</used_space>
         <unused_space>0xf0</unused_space>
         <attributes>RWIX</attributes>
         <usage_details>
         </usage_details>
      </memory_area>
      <memory_area>
         <name>PERIPHERALS_16BIT</name>
         <page_id>0x0</page_id>
         <origin>0x100</origin>
         <length>0x100</length>
         <used_space>0x0</used_space>
         <unused_space>0x100</unused_space>
         <attributes>RWIX</attributes>
         <usage_details>
         </usage_details>
      </memory_area>
      <memory_area>
         <name>RAM</name>
         <page_id>0x0</page_id>
         <origin>0x200</origin>
         <length>0x200</length>
         <used_space>0x62</used_space>
         <unused_space>0x19e</unused_space>
         <attributes>RWIX</attributes>
         <usage_details>
            <allocated_space>
               <start_address>0x200</start_address>
               <size>0x12</size>
               <logical_group_ref idref="lg-b1"/>
            </allocated_space>
            <available_space>
               <start_address>0x212</start_address>
               <size>0x19e</size>
            </available_space>
            <allocated_space>
               <start_address>0x3b0</start_address>
               <size>0x50</size>
               <logical_group_ref idref="lg-5"/>
            </allocated_space>
         </usage_details>
      </memory_area>
      <memory_area>
         <name>INFOD</name>
         <page_id>0x0</page_id>
         <origin>0x1000</origin>
         <length>0x40</length>
         <used_space>0x0</used_space>
         <unused_space>0x40</unused_space>
         <attributes>RWIX</attributes>
         <usage_details>
         </usage_details>
      </memory_area>
      <memory_area>
         <name>INFOC</name>
         <page_id>0x0</page_id>
         <origin>0x1040</origin>
         <length>0x40</length>
         <used_space>0x0</used_space>
         <unused_space>0x40</unused_space>
         <attributes>RWIX</attributes>
         <usage_details>
         </usage_details>
      </memory_area>
      <memory_area>
         <name>INFOB</name>
         <page_id>0x0</page_id>
         <origin>0x1080</origin>
         <length>0x40</length>
         <used_space>0x0</used_space>
         <unused_space>0x40</unused_space>
         <attributes>RWIX</attributes>
         <usage_details>
         </usage_details>
      </memory_area>
      <memory_area>
         <name>INFOA</name>
         <page_id>0x0</page_id>
         <origin>0x10c0</origin>
         <length>0x40</length>
         <used_space>0x0</used_space>
         <unused_space>0x40</unused_space>
         <attributes>RWIX</attributes>
         <usage_details>
         </usage_details>
      </memory_area>
      <memory_area>
         <name>FLASH</name>
         <page_id>0x0</page_id>
         <origin>0xc000</origin>
         <length>0x3fe0</length>
         <used_space>0x20c</used_space>
         <unused_space>0x3dd4</unused_space>
         <attributes>RWIX</attributes>
         <usage_details>
            <allocated_space>
               <start_address>0xc000</start_address>
               <size>0x202</size>
               <logical_group_ref idref="lg-6"/>
            </allocated_space>
            <allocated_space>
               <start_address>0xc202</start_address>
               <size>0xa</size>
               <logical_group_ref idref="lg-7"/>
            </allocated_space>
            <available_space>
               <start_address>0xc20c</start_address>
               <size>0x3dd4</size>
            </available_space>
         </usage_details>
      </memory_area>
      <memory_area>
         <name>INT00</name>
         <page_id>0x0</page_id>
         <origin>0xffe0</origin>
         <length>0x2</length>
         <used_space>0x0</used_space>
         <unused_space>0x2</unused_space>
         <attributes>RWIX</attributes>
         <usage_details>
         </usage_details>
      </memory_area>
      <memory_area>
         <name>INT01</name>
         <page_id>0x0</page_id>
         <origin>0xffe2</origin>
         <length>0x2</length>
         <used_space>0x0</used_space>
         <unused_space>0x2</unused_space>
         <attributes>RWIX</attributes>
         <usage_details>
         </usage_details>
      </memory_area>
      <memory_area>
         <name>INT02</name>
         <page_id>0x0</page_id>
         <origin>0xffe4</origin>
         <length>0x2</length>
         <used_space>0x0</used_space>
         <unused_space>0x2</unused_space>
         <attributes>RWIX</attributes>
         <usage_details>
         </usage_details>
      </memory_area>
      <memory_area>
         <name>INT03</name>
         <page_id>0x0</page_id>
         <origin>0xffe6</origin>
         <length>0x2</length>
         <used_space>0x0</used_space>
         <unused_space>0x2</unused_space>
         <attributes>RWIX</attributes>
         <usage_details>
         </usage_details>
      </memory_area>
      <memory_area>
         <name>INT04</name>
         <page_id>0x0</page_id>
         <origin>0xffe8</origin>
         <length>0x2</length>
         <used_space>0x0</used_space>
         <unused_space>0x2</unused_space>
         <attributes>RWIX</attributes>
         <usage_details>
         </usage_details>
      </memory_area>
      <memory_area>
         <name>INT05</name>
         <page_id>0x0</page_id>
         <origin>0xffea</origin>
         <length>0x2</length>
         <used_space>0x0</used_space>
         <unused_space>0x2</unused_space>
         <attributes>RWIX</attributes>
         <usage_details>
         </usage_details>
      </memory_area>
      <memory_area>
         <name>INT06</name>
         <page_id>0x0</page_id>
         <origin>0xffec</origin>
         <length>0x2</length>
         <used_space>0x0</used_space>
         <unused_space>0x2</unused_space>
         <attributes>RWIX</attributes>
         <usage_details>
         </usage_details>
      </memory_area>
      <memory_area>
         <name>INT07</name>
         <page_id>0x0</page_id>
         <origin>0xffee</origin>
         <length>0x2</length>
         <used_space>0x0</used_space>
         <unused_space>0x2</unused_space>
         <attributes>RWIX</attributes>
         <usage_details>
         </usage_details>
      </memory_area>
      <memory_area>
         <name>INT08</name>
         <page_id>0x0</page_id>
         <origin>0xfff0</origin>
         <length>0x2</length>
         <used_space>0x0</used_space>
         <unused_space>0x2</unused_space>
         <attributes>RWIX</attributes>
         <usage_details>
         </usage_details>
      </memory_area>
      <memory_area>
         <name>INT09</name>
         <page_id>0x0</page_id>
         <origin>0xfff2</origin>
         <length>0x2</length>
         <used_space>0x0</used_space>
         <unused_space>0x2</unused_space>
         <attributes>RWIX</attributes>
         <usage_details>
         </usage_details>
      </memory_area>
      <memory_area>
         <name>INT10</name>
         <page_id>0x0</page_id>
         <origin>0xfff4</origin>
         <length>0x2</length>
         <used_space>0x0</used_space>
         <unused_space>0x2</unused_space>
         <attributes>RWIX</attributes>
         <usage_details>
         </usage_details>
      </memory_area>
      <memory_area>
         <name>INT11</name>
         <page_id>0x0</page_id>
         <origin>0xfff6</origin>
         <length>0x2</length>
         <used_space>0x0</used_space>
         <unused_space>0x2</unused_space>
         <attributes>RWIX</attributes>
         <usage_details>
         </usage_details>
      </memory_area>
      <memory_area>
         <name>INT12</name>
         <page_id>0x0</page_id>
         <origin>0xfff8</origin>
         <length>0x2</length>
         <used_space>0x0</used_space>
         <unused_space>0x2</unused_space>
         <attributes>RWIX</attributes>
         <usage_details>
         </usage_details>
      </memory_area>
      <memory_area>
         <name>INT13</name>
         <page_id>0x0</page_id>
         <origin>0xfffa</origin>
         <length>0x2</length>
         <used_space>0x0</used_space>
         <unused_space>0x2</unused_space>
         <attributes>RWIX</attributes>
         <usage_details>
         </usage_details>
      </memory_area>
      <memory_area>
         <name>INT14</name>
         <page_id>0x0</page_id>
         <origin>0xfffc</origin>
         <length>0x2</length>
         <used_space>0x0</used_space>
         <unused_space>0x2</unused_space>
         <attributes>RWIX</attributes>
         <usage_details>
         </usage_details>
      </memory_area>
      <memory_area>
         <name>RESET</name>
         <page_id>0x0</page_id>
         <origin>0xfffe</origin>
         <length>0x2</length>
         <used_space>0x2</used_space>
         <unused_space>0x0</unused_space>
         <attributes>RWIX</attributes>
         <usage_details>
            <allocated_space>
               <start_address>0xfffe</start_address>
               <size>0x2</size>
               <logical_group_ref idref="lg-2d"/>
            </allocated_space>
         </usage_details>
      </memory_area>
   </placement_map>
   <cptbl_list>
      <cptbl>
         <name>__TI_cinit_table</name>
         <cprec>
            <name>.bss</name>
            <load_address>0xc202</load_address>
            <load_size>0x4</load_size>
            <run_address>0x200</run_address>
            <run_size>0x12</run_size>
            <compression>zero_init</compression>
         </cprec>
      </cptbl>
   </cptbl_list>
   <handler_table>
      <handler_table_name>__TI_handler_table</handler_table_name>
      <handler>
         <index>0x0</index>
         <name>__TI_zero_init</name>
      </handler>
   </handler_table>
   <symbol_table>
      <symbol id="sm-1">
         <name>IE1</name>
         <value>0x0</value>
      </symbol>
      <symbol id="sm-2">
         <name>IFG1</name>
         <value>0x2</value>
      </symbol>
      <symbol id="sm-3">
         <name>IE2</name>
         <value>0x1</value>
      </symbol>
      <symbol id="sm-4">
         <name>IFG2</name>
         <value>0x3</value>
      </symbol>
      <symbol id="sm-5">
         <name>ADC10DTC0</name>
         <value>0x48</value>
      </symbol>
      <symbol id="sm-6">
         <name>ADC10DTC1</name>
         <value>0x49</value>
      </symbol>
      <symbol id="sm-7">
         <name>ADC10AE0</name>
         <value>0x4a</value>
      </symbol>
      <symbol id="sm-8">
         <name>ADC10CTL0</name>
         <value>0x1b0</value>
      </symbol>
      <symbol id="sm-9">
         <name>ADC10CTL1</name>
         <value>0x1b2</value>
      </symbol>
      <symbol id="sm-a">
         <name>ADC10MEM</name>
         <value>0x1b4</value>
      </symbol>
      <symbol id="sm-b">
         <name>ADC10SA</name>
         <value>0x1bc</value>
      </symbol>
      <symbol id="sm-c">
         <name>DCOCTL</name>
         <value>0x56</value>
      </symbol>
      <symbol id="sm-d">
         <name>BCSCTL1</name>
         <value>0x57</value>
      </symbol>
      <symbol id="sm-e">
         <name>BCSCTL2</name>
         <value>0x58</value>
      </symbol>
      <symbol id="sm-f">
         <name>BCSCTL3</name>
         <value>0x53</value>
      </symbol>
      <symbol id="sm-10">
         <name>CACTL1</name>
         <value>0x59</value>
      </symbol>
      <symbol id="sm-11">
         <name>CACTL2</name>
         <value>0x5a</value>
      </symbol>
      <symbol id="sm-12">
         <name>CAPD</name>
         <value>0x5b</value>
      </symbol>
      <symbol id="sm-13">
         <name>FCTL1</name>
         <value>0x128</value>
      </symbol>
      <symbol id="sm-14">
         <name>FCTL2</name>
         <value>0x12a</value>
      </symbol>
      <symbol id="sm-15">
         <name>FCTL3</name>
         <value>0x12c</value>
      </symbol>
      <symbol id="sm-16">
         <name>P1IN</name>
         <value>0x20</value>
      </symbol>
      <symbol id="sm-17">
         <name>P1OUT</name>
         <value>0x21</value>
      </symbol>
      <symbol id="sm-18">
         <name>P1DIR</name>
         <value>0x22</value>
      </symbol>
      <symbol id="sm-19">
         <name>P1IFG</name>
         <value>0x23</value>
      </symbol>
      <symbol id="sm-1a">
         <name>P1IES</name>
         <value>0x24</value>
      </symbol>
      <symbol id="sm-1b">
         <name>P1IE</name>
         <value>0x25</value>
      </symbol>
      <symbol id="sm-1c">
         <name>P1SEL</name>
         <value>0x26</value>
      </symbol>
      <symbol id="sm-1d">
         <name>P1SEL2</name>
         <value>0x41</value>
      </symbol>
      <symbol id="sm-1e">
         <name>P1REN</name>
         <value>0x27</value>
      </symbol>
      <symbol id="sm-1f">
         <name>P2IN</name>
         <value>0x28</value>
      </symbol>
      <symbol id="sm-20">
         <name>P2OUT</name>
         <value>0x29</value>
      </symbol>
      <symbol id="sm-21">
         <name>P2DIR</name>
         <value>0x2a</value>
      </symbol>
      <symbol id="sm-22">
         <name>P2IFG</name>
         <value>0x2b</value>
      </symbol>
      <symbol id="sm-23">
         <name>P2IES</name>
         <value>0x2c</value>
      </symbol>
      <symbol id="sm-24">
         <name>P2IE</name>
         <value>0x2d</value>
      </symbol>
      <symbol id="sm-25">
         <name>P2SEL</name>
         <value>0x2e</value>
      </symbol>
      <symbol id="sm-26">
         <name>P2SEL2</name>
         <value>0x42</value>
      </symbol>
      <symbol id="sm-27">
         <name>P2REN</name>
         <value>0x2f</value>
      </symbol>
      <symbol id="sm-28">
         <name>P3IN</name>
         <value>0x18</value>
      </symbol>
      <symbol id="sm-29">
         <name>P3OUT</name>
         <value>0x19</value>
      </symbol>
      <symbol id="sm-2a">
         <name>P3DIR</name>
         <value>0x1a</value>
      </symbol>
      <symbol id="sm-2b">
         <name>P3SEL</name>
         <value>0x1b</value>
      </symbol>
      <symbol id="sm-2c">
         <name>P3SEL2</name>
         <value>0x43</value>
      </symbol>
      <symbol id="sm-2d">
         <name>P3REN</name>
         <value>0x10</value>
      </symbol>
      <symbol id="sm-2e">
         <name>TA0IV</name>
         <value>0x12e</value>
      </symbol>
      <symbol id="sm-2f">
         <name>TA0CTL</name>
         <value>0x160</value>
      </symbol>
      <symbol id="sm-30">
         <name>TA0CCTL0</name>
         <value>0x162</value>
      </symbol>
      <symbol id="sm-31">
         <name>TA0CCTL1</name>
         <value>0x164</value>
      </symbol>
      <symbol id="sm-32">
         <name>TA0CCTL2</name>
         <value>0x166</value>
      </symbol>
      <symbol id="sm-33">
         <name>TA0R</name>
         <value>0x170</value>
      </symbol>
      <symbol id="sm-34">
         <name>TA0CCR0</name>
         <value>0x172</value>
      </symbol>
      <symbol id="sm-35">
         <name>TA0CCR1</name>
         <value>0x174</value>
      </symbol>
      <symbol id="sm-36">
         <name>TA0CCR2</name>
         <value>0x176</value>
      </symbol>
      <symbol id="sm-37">
         <name>TA1IV</name>
         <value>0x11e</value>
      </symbol>
      <symbol id="sm-38">
         <name>TA1CTL</name>
         <value>0x180</value>
      </symbol>
      <symbol id="sm-39">
         <name>TA1CCTL0</name>
         <value>0x182</value>
      </symbol>
      <symbol id="sm-3a">
         <name>TA1CCTL1</name>
         <value>0x184</value>
      </symbol>
      <symbol id="sm-3b">
         <name>TA1CCTL2</name>
         <value>0x186</value>
      </symbol>
      <symbol id="sm-3c">
         <name>TA1R</name>
         <value>0x190</value>
      </symbol>
      <symbol id="sm-3d">
         <name>TA1CCR0</name>
         <value>0x192</value>
      </symbol>
      <symbol id="sm-3e">
         <name>TA1CCR1</name>
         <value>0x194</value>
      </symbol>
      <symbol id="sm-3f">
         <name>TA1CCR2</name>
         <value>0x196</value>
      </symbol>
      <symbol id="sm-40">
         <name>UCA0CTL0</name>
         <value>0x60</value>
      </symbol>
      <symbol id="sm-41">
         <name>UCA0CTL1</name>
         <value>0x61</value>
      </symbol>
      <symbol id="sm-42">
         <name>UCA0BR0</name>
         <value>0x62</value>
      </symbol>
      <symbol id="sm-43">
         <name>UCA0BR1</name>
         <value>0x63</value>
      </symbol>
      <symbol id="sm-44">
         <name>UCA0MCTL</name>
         <value>0x64</value>
      </symbol>
      <symbol id="sm-45">
         <name>UCA0STAT</name>
         <value>0x65</value>
      </symbol>
      <symbol id="sm-46">
         <name>UCA0RXBUF</name>
         <value>0x66</value>
      </symbol>
      <symbol id="sm-47">
         <name>UCA0TXBUF</name>
         <value>0x67</value>
      </symbol>
      <symbol id="sm-48">
         <name>UCA0ABCTL</name>
         <value>0x5d</value>
      </symbol>
      <symbol id="sm-49">
         <name>UCA0IRTCTL</name>
         <value>0x5e</value>
      </symbol>
      <symbol id="sm-4a">
         <name>UCA0IRRCTL</name>
         <value>0x5f</value>
      </symbol>
      <symbol id="sm-4b">
         <name>UCB0CTL0</name>
         <value>0x68</value>
      </symbol>
      <symbol id="sm-4c">
         <name>UCB0CTL1</name>
         <value>0x69</value>
      </symbol>
      <symbol id="sm-4d">
         <name>UCB0BR0</name>
         <value>0x6a</value>
      </symbol>
      <symbol id="sm-4e">
         <name>UCB0BR1</name>
         <value>0x6b</value>
      </symbol>
      <symbol id="sm-4f">
         <name>UCB0I2CIE</name>
         <value>0x6c</value>
      </symbol>
      <symbol id="sm-50">
         <name>UCB0STAT</name>
         <value>0x6d</value>
      </symbol>
      <symbol id="sm-51">
         <name>UCB0RXBUF</name>
         <value>0x6e</value>
      </symbol>
      <symbol id="sm-52">
         <name>UCB0TXBUF</name>
         <value>0x6f</value>
      </symbol>
      <symbol id="sm-53">
         <name>UCB0I2COA</name>
         <value>0x118</value>
      </symbol>
      <symbol id="sm-54">
         <name>UCB0I2CSA</name>
         <value>0x11a</value>
      </symbol>
      <symbol id="sm-55">
         <name>WDTCTL</name>
         <value>0x120</value>
      </symbol>
      <symbol id="sm-56">
         <name>CALDCO_16MHZ</name>
         <value>0x10f8</value>
      </symbol>
      <symbol id="sm-57">
         <name>CALBC1_16MHZ</name>
         <value>0x10f9</value>
      </symbol>
      <symbol id="sm-58">
         <name>CALDCO_12MHZ</name>
         <value>0x10fa</value>
      </symbol>
      <symbol id="sm-59">
         <name>CALBC1_12MHZ</name>
         <value>0x10fb</value>
      </symbol>
      <symbol id="sm-5a">
         <name>CALDCO_8MHZ</name>
         <value>0x10fc</value>
      </symbol>
      <symbol id="sm-5b">
         <name>CALBC1_8MHZ</name>
         <value>0x10fd</value>
      </symbol>
      <symbol id="sm-5c">
         <name>CALDCO_1MHZ</name>
         <value>0x10fe</value>
      </symbol>
      <symbol id="sm-5d">
         <name>CALBC1_1MHZ</name>
         <value>0x10ff</value>
      </symbol>
      <symbol id="sm-5e">
         <name>__TI_CINIT_Base</name>
         <value>0xc208</value>
      </symbol>
      <symbol id="sm-5f">
         <name>__TI_CINIT_Limit</name>
         <value>0xc20c</value>
      </symbol>
      <symbol id="sm-60">
         <name>__TI_Handler_Table_Base</name>
         <value>0xc206</value>
      </symbol>
      <symbol id="sm-61">
         <name>__TI_Handler_Table_Limit</name>
         <value>0xc208</value>
      </symbol>
      <symbol id="sm-62">
         <name>binit</name>
         <value>0xffffffff</value>
      </symbol>
      <symbol id="sm-63">
         <name>__binit__</name>
         <value>0xffffffff</value>
      </symbol>
      <symbol id="sm-64">
         <name>__STACK_SIZE</name>
         <value>0x50</value>
      </symbol>
      <symbol id="sm-65">
         <name>__STACK_END</name>
         <value>0x400</value>
      </symbol>
      <symbol id="sm-66">
         <name>__c_args__</name>
         <value>0xffffffff</value>
      </symbol>
      <symbol id="sm-dd">
         <name>meas_base</name>
         <value>0x200</value>
         <object_component_ref idref="oc-80"/>
      </symbol>
      <symbol id="sm-de">
         <name>SWtimer</name>
         <value>0xc182</value>
         <object_component_ref idref="oc-82"/>
      </symbol>
      <symbol id="sm-df">
         <name>i</name>
         <value>0x210</value>
         <object_component_ref idref="oc-80"/>
      </symbol>
      <symbol id="sm-e0">
         <name>main</name>
         <value>0xc000</value>
         <object_component_ref idref="oc-49"/>
      </symbol>
      <symbol id="sm-e1">
         <name>meas_crt</name>
         <value>0x20a</value>
         <object_component_ref idref="oc-80"/>
      </symbol>
      <symbol id="sm-f3">
         <name>_c_int00_noexit</name>
         <value>0xc1bc</value>
         <object_component_ref idref="oc-2e"/>
      </symbol>
      <symbol id="sm-f4">
         <name>_c_int00</name>
         <value>0xc1bc</value>
         <object_component_ref idref="oc-2e"/>
      </symbol>
      <symbol id="sm-f5">
         <name>_stack</name>
         <value>0x3b0</value>
         <object_component_ref idref="oc-3f"/>
      </symbol>
      <symbol id="sm-f6">
         <name>_reset_vector</name>
         <value>0xfffe</value>
         <object_component_ref idref="oc-2f"/>
      </symbol>
      <symbol id="sm-113">
         <name>__TI_zero_init</name>
         <value>0xc1d6</value>
         <object_component_ref idref="oc-37"/>
      </symbol>
      <symbol id="sm-11a">
         <name>__mspabi_func_epilog_2</name>
         <value>0xc1f4</value>
         <object_component_ref idref="oc-7b"/>
      </symbol>
      <symbol id="sm-11b">
         <name>__mspabi_func_epilog_3</name>
         <value>0xc1f2</value>
         <object_component_ref idref="oc-7b"/>
      </symbol>
      <symbol id="sm-11c">
         <name>__mspabi_func_epilog_1</name>
         <value>0xc1f6</value>
         <object_component_ref idref="oc-7b"/>
      </symbol>
      <symbol id="sm-11d">
         <name>__mspabi_func_epilog_6</name>
         <value>0xc1ec</value>
         <object_component_ref idref="oc-7b"/>
      </symbol>
      <symbol id="sm-11e">
         <name>__mspabi_func_epilog_7</name>
         <value>0xc1ea</value>
         <object_component_ref idref="oc-7b"/>
      </symbol>
      <symbol id="sm-11f">
         <name>__mspabi_func_epilog_4</name>
         <value>0xc1f0</value>
         <object_component_ref idref="oc-7b"/>
      </symbol>
      <symbol id="sm-120">
         <name>__mspabi_func_epilog_5</name>
         <value>0xc1ee</value>
         <object_component_ref idref="oc-7b"/>
      </symbol>
      <symbol id="sm-128">
         <name>C$$EXIT</name>
         <value>0xc1fe</value>
         <object_component_ref idref="oc-4e"/>
      </symbol>
      <symbol id="sm-129">
         <name>abort</name>
         <value>0xc1fe</value>
         <object_component_ref idref="oc-4e"/>
      </symbol>
      <symbol id="sm-131">
         <name>_system_pre_init</name>
         <value>0xc1fa</value>
         <object_component_ref idref="oc-41"/>
      </symbol>
      <symbol id="sm-13f">
         <name>_auto_init</name>
         <value>0xc124</value>
         <object_component_ref idref="oc-45"/>
      </symbol>
      <symbol id="sm-140">
         <name>__TI_exit</name>
         <value>0x1</value>
      </symbol>
      <symbol id="sm-141">
         <name>__TI_args_main</name>
         <value>0x1</value>
      </symbol>
      <symbol id="sm-142">
         <name>__TI_INITARRAY_Base</name>
         <value>0x0</value>
      </symbol>
      <symbol id="sm-143">
         <name>__TI_INITARRAY_Limit</name>
         <value>0x0</value>
      </symbol>
   </symbol_table>
</link_info>
